field_id,soil_type,is_irrigated,peak_ndvi,avg_ndvi,avg_ndwi,min_ndwi,min_soil_moisture,avg_soil_moisture,total_precip_mm,avg_temp_c,yield_kg_per_da
1,2,1,0.8227261021669033,0.4050618073229253,0.21023548980678433,-0.15300472410183988,15.313311714477797,24.627745179455207,58.72319447462765,25.63869445841552,598.7019629061864
2,2,1,0.865741692074849,0.4643427041929239,0.29929194057456987,0.11223708014397452,14.838532630500048,24.76159107917797,49.73198525393216,25.717688874547832,505.96753919146045
3,3,1,0.5739533096143237,0.26569928091923734,-0.016954813287229965,-0.4,11.016332679386965,22.585336741598475,25.384180352373683,26.998495347262054,306.57851134123734
4,3,1,0.6040760241909439,0.27598608289143034,-0.01938018892686135,-0.4,11.106366561324737,23.02606121790376,47.27744868341253,28.112254769838067,325.7810631126979
5,2,1,0.8137919956256949,0.3929343448245009,0.20161357193341875,-0.1604073050982845,12.672667908405883,22.9746844118635,31.15773298329742,25.849871444224153,484.3327607831984
6,2,1,0.7397996720229051,0.3759567583782529,0.1669999456820888,-0.2001598567152402,13.74630975841499,24.890970515018846,78.96491712361863,26.10018276156586,425.17591223803373
7,2,0,0.7573474050944399,0.3584253631995322,0.14682591998119027,-0.1988131621021857,10.977557907370581,18.330788872115534,34.435985160956484,25.831316446567634,341.517369361325
8,2,1,0.8481111439913894,0.46082944276210486,0.2951938059443117,0.0783987729863423,13.777655474772775,24.00994140288983,34.45319970053925,25.315762327369523,540.7980750293013
9,1,0,0.845576053365484,0.46132081188404805,0.29118430406352086,0.11420934527522418,14.407666341998512,19.834972758345636,49.88389460607613,25.693167306901564,358.98189816072625
10,2,0,0.8717801996356954,0.4624510896322371,0.2886854217633891,0.08819869677865817,14.196281801302105,18.391042584662586,30.397375896709637,26.053279777096197,393.7651494335802
11,2,1,0.8386564609022451,0.457818475846494,0.28760741424692954,0.09236703394551862,16.69003966924832,24.027623836316685,51.10754012723869,25.653749237523993,637.5890285383389
12,2,0,0.8361727321814573,0.41075557671249924,0.23231778532027403,-0.10749351528158674,14.70087616227239,19.211141391409342,50.77067249235966,25.85959780804822,480.33457949623863
13,2,1,0.8511329984979421,0.450584234629789,0.2931599317096306,0.11967434402725498,14.114181021892373,23.4966375675371,32.845741130807504,25.562704252406444,507.1134252411823
14,1,0,0.8572854681160887,0.45192956848055116,0.2962583770008106,0.10688375410014099,11.754140832566755,19.274227915789485,62.9798002767861,25.770352363704927,514.6940794695957
15,2,0,0.5909732813171332,0.27038629954407883,-0.021602435959408785,-0.4,11.673818783982647,17.282184422672508,41.83276703169209,27.76210711422913,241.38825277859195
16,3,0,0.8332874798668753,0.4544902172248716,0.29024267583031477,0.09810120084843323,14.524517902108801,20.291863169445033,74.30807908795133,26.071374009026385,492.71331149849937
17,2,0,0.7628579526038453,0.3794153259371605,0.18305290880180752,-0.24125190606287658,13.537058093133515,19.873579963207053,64.85339540083825,26.010855462189177,453.73938288336467
18,3,0,0.6967238015221566,0.31803386536940925,0.045547133792583586,-0.4,11.374670051674748,19.89580279705988,87.97168709674074,28.122261332146458,368.3261292788149
19,1,1,0.687319701852913,0.3200251910100695,0.05630147282067255,-0.4,14.127751064286869,23.008475566632615,47.97959911044761,27.57214047971873,388.587751813641
20,2,1,0.8251210664415729,0.40817972798602337,0.21384131680737067,-0.15063568308743586,14.602487901089434,23.35720930604577,36.93566585287878,25.59704430922316,488.890367591023
21,3,0,0.8653668589897229,0.46166766170555373,0.29253491860601255,0.09438793393467092,13.95165250327307,20.694615437066165,65.82514918805542,25.513591752247358,501.29611737187605
22,3,1,0.8497582210430789,0.45176829270026514,0.2932240183814677,0.10800843672843788,13.32440509718059,23.185097669534137,13.257188342457564,26.121893830765384,510.41969351001427
23,1,1,0.7689077465188382,0.38407672529096704,0.18497214517021004,-0.20118093268331425,13.564104814730277,24.521952372824725,42.16268658886705,25.29269211002731,429.73553861365525
24,2,1,0.8361793974703383,0.4161153453664392,0.2279946981148378,-0.09498594716010866,13.126630915390393,23.286416890165576,16.704236216421645,26.164153764409253,495.88538437508555
25,2,1,0.7003878362572971,0.3204525709341149,0.048675700381693235,-0.4,10.16855947887905,23.194535781913082,45.41770433122879,27.50440746765046,409.60532482269076
26,1,0,0.8598308424175461,0.46100475232494986,0.29083252579172264,0.09985680390226197,14.292431698529594,19.295692861878013,24.32447846121197,25.9420287317541,404.9638975540864
27,3,0,0.7217722033994501,0.3663077906601054,0.14786771866827472,-0.2066704461935613,14.649840958135881,17.548917565723446,21.027544592500014,25.622901219343255,324.97144868001106
28,1,1,0.890516141838225,0.470913147780953,0.29080397886408427,0.09670419586543365,15.182239981469442,24.830683380931692,37.36934062020215,25.837266395017423,648.351076435127
29,3,0,0.5077076582094812,0.23365543475948608,-0.0699598316902553,-0.4,9.847809042901918,19.869784554952336,77.7106418406012,27.789645173758124,214.21804874083085
30,2,1,0.7391899066011844,0.3373008747478857,0.0798073593252138,-0.4,11.855750925256897,22.65934956621214,37.49291231699005,27.599161988453307,397.15999794075225
31,2,0,0.8680079717679012,0.4578087163476584,0.2921812529565316,0.08164408102968206,12.975070017431538,18.872282162933267,24.649328076281893,24.955515180743546,415.0460344052304
32,3,1,0.7891047938477564,0.38900416244656516,0.19230179453822308,-0.1665587336137924,12.511628295617706,23.847672303863277,27.735710512785232,25.410304681254466,450.24047355056433
33,1,0,0.7653818937660712,0.37159812207948595,0.17202969621965053,-0.21423126314113639,11.426857724535799,17.16678832444057,26.200246964857126,26.00365003580476,334.31573555470885
34,1,0,0.774528443290674,0.37573052398982065,0.15988557938246564,-0.22439759821322303,11.62055132066376,17.839680838744705,42.36668377727372,25.280485857044596,338.30200387765285
35,2,1,0.7551732229571078,0.3796240957825967,0.16690043880065103,-0.20906668397003533,13.365692869650093,24.107049492698486,50.87891422722519,25.450593208431304,423.9803513691147
36,3,1,0.7341878093338563,0.35789861012989155,0.14704163207406198,-0.24443873971159197,12.26394951616225,23.270715533300766,38.446936658420654,25.77283157963069,437.34283049885937
37,1,1,0.7844738686422541,0.33728662407988375,0.07593211328781366,-0.4,14.472619552886565,21.855228872539055,11.194385994161053,27.535956069572393,455.8900469320503
38,3,1,0.8316592554203822,0.4046598197159633,0.22179191357945513,-0.1439837570603303,11.61516178834339,24.230560222374915,54.64801390884143,25.37052401607662,471.70996805695574
39,2,1,0.7867354714353818,0.3999116074010288,0.19627714136055036,-0.15598642655178152,14.26351839981267,23.090077506457796,29.497830124725724,25.918235522554323,471.94371181175967
40,2,1,0.8598301129449356,0.46010928503237797,0.28685522842297523,0.0816576567870165,13.93321464236276,23.76945413794524,29.219331507155736,25.4901148135322,518.1331662060758
41,1,0,0.8546835551323929,0.45790043045200524,0.29724575668855774,0.10092802548410723,13.918837403151338,18.92192222137708,40.528280194565525,25.238626471990425,383.5342161658889
42,2,1,0.8489738421736955,0.45732014374675034,0.2935389472070865,0.0749510174559614,13.825634307869079,24.744125205547427,65.29919888544856,25.45332188060878,511.7532767386464
43,2,0,0.8705077312908792,0.45708410219384454,0.29359690945700123,0.10557549121351481,13.001827618431884,19.26458166025692,70.61142954082858,25.984963878244713,509.9886756469135
44,3,0,0.8464148663236467,0.46173529602976054,0.28894683500619206,0.0706643509436293,14.630746581104784,20.11468477618584,72.1743087432352,25.886591536782554,458.38085238626104
45,1,1,0.8757077055802854,0.45410918836753406,0.3000227938156162,0.09927143404135545,15.049218875669247,24.005397195175263,20.52053345735856,25.400608893098045,651.3488556269801
46,2,1,0.8466591420527224,0.4580327801787848,0.2910487319562754,0.10841275675906326,13.7094496574762,25.71109174890455,78.87208461386751,25.469149395020217,479.83394944795157
47,2,1,0.8634182249655374,0.4569320778356575,0.29451399434059755,0.11368338006099377,13.931365272278178,24.403014976622448,39.36979561394858,25.259553347557723,521.7772308075888
48,1,1,0.8311138229490911,0.40675287804120874,0.2181803478359296,-0.11178818381408323,16.018371994212096,23.94640614240234,33.174213587875265,26.169533983408222,591.5889975215376
49,1,0,0.843720098073841,0.45338433128005295,0.2957727774227782,0.12394019270348824,15.094568256349724,20.133978718257207,60.769992631496,25.655299158589827,630.4500351846493
50,3,1,0.8198598268145988,0.4115767948033314,0.22898681614791688,-0.11287284863223723,14.386323428148414,23.279127069680506,34.78561290412345,25.563804801058993,467.21125842977415
51,2,1,0.847095213185444,0.45496533403119843,0.2902050755695168,0.1195767800437499,12.142650103150169,25.42540509290887,79.09826582834393,26.7449636170691,507.45849673626554
52,2,0,0.7809236062917326,0.33829776901803765,0.08094409561539447,-0.4,13.275597837454693,18.695482417057033,51.309073830136654,26.835105890535477,446.5389218573046
53,2,1,0.8514730584077557,0.4151192424949173,0.2320728005571226,-0.10633879869792481,12.699725649777005,22.677131670092955,22.71160898523276,25.463771574331904,492.31468764194216
54,1,1,0.8641406471922157,0.45726080324080776,0.2985131342797448,0.11581866018895452,15.450049448152965,24.38654152014024,35.545494629381245,24.95193041987577,637.3269683698508
55,2,0,0.8078879959416627,0.36033337678966354,0.12007428637759707,-0.4,12.550666343626755,17.94886157917821,35.32933205959615,26.783838847011094,328.26019543644827
56,2,1,0.8539987325303418,0.4627277166367281,0.28549347988657503,0.061001833610639884,13.140199041179551,21.5278002464993,5.720438459061577,25.88862222694724,468.2763169244303
57,2,0,0.6309965373518083,0.29290765011602476,0.019978288303236814,-0.4,11.567344943120604,18.132266576083214,61.63136826261895,27.68617341514754,352.83007494449015
58,2,1,0.8321629809687907,0.36409297867007273,0.12246048021229469,-0.4,13.231276310881615,21.735628789059735,12.161079731026687,27.659700240661163,476.2007245098162
59,2,0,0.7392587480938881,0.36145213743843047,0.14908641631047753,-0.2505927445590753,12.902570295013032,19.072332446902646,35.247612843644546,25.477449660382426,308.09895139448884
60,2,1,0.8546935410691654,0.4579518488213964,0.28885499554114713,0.09280114675194458,13.278551202701573,24.59362151611449,64.11547813576793,25.579563363056224,497.66284896014514
61,2,1,0.8402030942909101,0.46388909296525416,0.2905369523188924,0.113864697641985,14.414073609088586,24.76263464756684,51.88711485943971,25.311121380172512,509.6489287970359
62,2,1,0.7725212170810561,0.3702689552158198,0.14253449892854886,-0.23718854783423757,12.267359514493723,23.196318092665933,37.21083204334146,25.76875618827948,455.9144440198093
63,2,0,0.5622368648800617,0.2646080220354521,-0.02226441571158292,-0.4,10.291118546776636,15.899831872235438,20.34622213872195,28.207227107011526,217.2434427913902
64,1,1,0.868722048703939,0.4601613042796089,0.2843790616301153,0.08510528783888203,15.50905687599889,24.850923674288065,44.46143785587055,25.406831791397387,649.0461316793564
65,3,1,0.623960475132848,0.2901226552323724,0.007864244172753405,-0.4,11.684703207889036,22.78266295169279,64.82890997514963,28.001955161062266,324.59506223415065
66,2,1,0.763397764216842,0.35660319954093544,0.13862678808400403,-0.2805071057254672,12.84805160287823,23.16591733321073,27.372159869895537,25.536624879950068,450.30333572437263
67,2,0,0.836762045676264,0.45374024185196005,0.29748971830981896,0.06124745879474042,14.137664562369475,18.621008595443474,22.848119595867296,24.936793065281414,373.6391497867424
68,2,0,0.8180765463856069,0.4510911306984739,0.2993805036601034,0.10886226340367756,13.71920536917614,17.751560312401033,17.04782989690033,25.898822779573585,325.2342097984303
69,2,1,0.7573459124460352,0.36174019942543045,0.14997494047116744,-0.24544814252725958,13.679133761142841,23.780500346994025,44.294622663492504,25.929812967031705,432.05483445234154
70,2,1,0.8273891525940964,0.40654726634283717,0.20921715157202608,-0.13956908315754563,12.847579636349977,24.490299682168587,54.04538156648306,26.21831893067768,465.594524392166
71,2,0,0.8145491577631553,0.41305153652294074,0.2223679161027198,-0.08675142758184928,12.279988769790288,18.767923166166717,53.81039637742499,26.244584708758577,466.1963377437883
72,2,1,0.8669998882893775,0.4577915948686798,0.29041374475146176,0.10300938005293514,13.448443284504176,24.34762543069483,48.776148203414,25.352311204903636,514.0215974323706
73,2,1,0.8720744002744519,0.45206816441554476,0.29040291399775026,0.07360942577695262,16.025214455156295,23.721298284344847,34.35211402809257,25.382269152707813,662.1187227956281
74,2,0,0.734007487233332,0.3398751028308764,0.08375084681375385,-0.4,12.107690673953575,18.371683507133987,39.59331606207919,27.590958327853237,333.03658392887036
75,1,0,0.7943426684041711,0.3976340536054935,0.19125266877185493,-0.1468890843075072,12.799045803646797,17.6568945030411,26.023710479469568,26.17570653506679,350.5627909702508
76,2,1,0.8471424355441742,0.4529447526883298,0.299011220884115,0.10895546397534205,13.672078538395393,24.990115438582293,86.72267599765392,25.83816279708617,501.0436191384963
77,3,1,0.699053765111785,0.3131562508919213,0.04277343784632314,-0.4,11.983310283701218,22.115743636553447,15.507402294449069,27.407863723108942,421.3468363596495
78,3,0,0.8762526396817827,0.4575593556844179,0.29308265423629765,0.09803336702520274,14.267344495130601,19.73332438839413,51.68618503511512,25.323674987883447,552.5307473518039
79,2,1,0.8517500471072137,0.4079399732123913,0.21754549637980802,-0.13749147444583662,13.52681403381472,23.611452861433143,39.68731919518052,25.61315655530466,496.14766031385454
80,3,1,0.5565018831416886,0.27214045023643463,-0.02553637683535176,-0.4,11.693202765970703,22.541211176331366,40.082374645374514,27.751169880663713,294.7360659492724
81,3,1,0.8435073429127824,0.4536776467431924,0.2860847227314066,0.10518042222350771,12.548832275717576,24.06378808675497,25.039865240839998,25.311397226700485,487.1822907821525
82,2,0,0.5875149425920092,0.2711794708937786,-0.028548632928377827,-0.4,11.28819919656599,18.0708369164277,38.407483561242174,27.717478605928505,241.2483210877304
83,2,1,0.7879859120725561,0.38783002399556415,0.19168395987779013,-0.1940718064130959,11.844326658343125,24.460957769216368,80.86645809206874,26.279165680324468,425.564427505998
84,2,1,0.7966156761307648,0.39998832131221795,0.20480177492527435,-0.13278136351205483,13.271062326129282,25.64775331854485,77.50912303172058,24.935054626385156,457.35344311419266
85,2,0,0.7981432047914381,0.38955867444538367,0.1839532245980317,-0.19568782492915454,12.694919868945664,19.15994891974247,55.416353026329496,25.59799442406611,461.517614453528
86,2,0,0.8507591265256361,0.46832628098578005,0.29016706221142663,0.09051181269776279,10.763917904514622,18.13806965865545,26.053852727147127,25.600634410447498,390.7131593493318
87,2,1,0.8074345762766739,0.4026023981755552,0.21706483610771893,-0.1403928665299081,15.636750582498713,24.838614132455156,62.60800787687654,25.708219999084964,583.5932469478903
88,1,1,0.8576344948969366,0.4552818743549438,0.289938033721866,0.10530200637568586,13.609069854301119,23.777987163128977,48.57584392774545,25.906001152866033,528.0659328627111
89,2,0,0.8664984777035198,0.46129189068642545,0.2871288629907232,0.09511279399920747,14.526259740394302,19.52794833413426,52.54077081379971,26.095774132122624,506.03470413769907
90,1,0,0.4905822332702554,0.2389560377946987,-0.05804560237765168,-0.4,10.11671726834842,17.42282273265634,35.75734308492531,28.39162462362814,198.86974030636034
91,2,1,0.8204990640267682,0.46239927266142516,0.2923651531458321,0.09401810872261454,15.778673248899732,23.622099610078823,48.788984418073,26.139196273668585,601.726507100963
92,1,1,0.7705842806272333,0.35501602656181164,0.14028458464691534,-0.2651683061445811,13.205603201656146,23.657378414089624,50.18491081391983,26.07618139831279,414.3337864160551
93,2,1,0.7548469424006983,0.3777685877950115,0.18009538377151021,-0.17372788577474962,12.418979924330216,24.299401918495654,69.88249913860672,25.755312017269034,441.2018317132558
94,2,1,0.7704953447963014,0.3811250640958069,0.18407903623522115,-0.2136058095392147,13.090854244291945,23.45943247631804,46.261895720216614,26.110701539151847,437.4851533340871
95,2,1,0.8303902326515379,0.45305953501301044,0.2910248975591928,0.10168066497602704,11.27057907894639,23.602158226797094,41.97527009277282,26.05601862712239,490.649811307004
96,3,0,0.860105357798852,0.41152181274834654,0.2186832107959585,-0.11579284855685984,13.209214180978847,18.209680282691252,38.62835117609036,26.18993642439558,386.8692696797062
97,1,1,0.665950868759738,0.2955618584662734,0.01098978555233937,-0.4,14.354651284194134,23.274536832755647,36.75903046388032,27.412811130627865,398.84296719967455
98,3,1,0.6800062891116181,0.3185424360422586,0.04969353211023654,-0.4,12.747662634708078,23.127783088048695,34.89680919050796,28.19263160811233,357.02436308758126
99,3,1,0.5418057710083785,0.27420859835175115,-0.02800370818898921,-0.4,11.189557371689181,22.65618814444028,37.95514651598399,27.778420966290078,280.0805323553881
100,2,1,0.837740210221329,0.45316877181183896,0.287109400919969,0.08799729980369995,13.732536580521163,23.346206817133336,49.158300505881236,26.092630525260518,512.5633198912279
101,2,1,0.851736233323208,0.45328683550874266,0.29661946283724744,0.11552216869353431,13.965221993399838,24.68690728304457,52.86687214193279,26.029418500832623,489.1562017827507
102,2,0,0.8335833977917297,0.4563713981096004,0.28957386443339905,0.11202873097369631,14.142395115670121,19.986661221420235,55.86494824762927,25.74208503016099,484.17245891239963
103,1,0,0.6925491520308911,0.3169320473156394,0.058074569953833685,-0.4,13.005006407769413,18.21870408149953,35.650238111912486,27.288253565498383,286.2331315406155
104,1,1,0.8642860808142203,0.45438917662019146,0.28702076635420426,0.09724466510616814,13.87556307571592,24.897751287326248,40.39845873859052,25.590182924964374,507.38885332358234
105,2,1,0.813581362724412,0.3957426644248838,0.2036836331197613,-0.18127256791384055,14.256571180199469,22.595498544683906,25.712879252013504,26.0585620689574,462.3803401784106
106,1,1,0.8769220684772496,0.4628477934465517,0.29518141333033165,0.11059944313072229,13.471407295834315,23.23440422125929,6.188004901148258,25.273001841135,511.3026829461758
107,1,1,0.706581891367029,0.3156509326265963,0.04652596988432995,-0.4,13.146648385209026,24.23018351348,70.46761604449276,27.619862884981313,408.8999869482699
108,3,0,0.8315823770561251,0.36254383615615493,0.11561468644158217,-0.4,13.227523562291653,21.26541748974792,118.75548651779408,26.625276357686687,484.8476252467977
109,2,1,0.696345759372115,0.32115721677719555,0.0476141065139942,-0.4,10.572678146135207,23.03432613750893,57.20830759861869,27.53596168947716,373.48858896972786
110,3,1,0.8044628520135444,0.395493153174868,0.19631082823941984,-0.13590142817012116,13.034545479259124,23.65332710514901,43.60465115984683,25.35487955770565,445.6702596822189
111,3,0,0.7530012092665523,0.3397181097084937,0.08238204479446057,-0.4,12.961752113952029,18.424823158765303,53.656979396408374,27.237160418524507,423.58046925841177
112,2,1,0.844968414459462,0.4651716164141283,0.2962431548594796,0.11142553047812065,14.889575715202717,24.250474567800296,52.307941615360036,25.53765940678795,481.02934502004314
113,3,1,0.8290808503221883,0.4585981511740174,0.2870529804633294,0.0906903857390782,14.656723064225297,24.86706333455887,59.2911772831276,25.805768988087443,466.621459772518
114,3,1,0.8709421463936976,0.45737192084801875,0.28847453717040383,0.0935003673902295,13.932142789567733,23.136499388792842,30.611772355246472,25.53484957472177,537.7359427486715
115,2,1,0.8470024393295567,0.45880873161776653,0.28784677051571234,0.09782774473979268,15.05006483256159,24.186793830332043,71.78332709610902,26.42976699340506,612.2761237279502
116,2,1,0.7755318090335452,0.3976645354551284,0.21052711923368128,-0.13996114828228168,13.962103584792171,24.374719594209516,50.650134337990664,25.330233934925126,436.8245294188841
117,3,0,0.8260696990369814,0.4544986283167794,0.29218795982893575,0.07546920317867084,14.876841729275059,18.906724808456424,38.19668131232681,25.956052618869723,372.2707365697326
118,1,1,0.8362125450871433,0.4130234329558123,0.23531143830345908,-0.08574899084996002,16.490423577044822,25.34187967774988,52.34320802116651,25.964011186411717,626.0700332838016
119,2,1,0.842378997642418,0.45302782730330204,0.2882329284700989,0.1105813058649822,13.793775921441137,23.90693311311265,34.678896597770176,25.665278181660106,502.9636603502166
120,2,0,0.8412278489116245,0.46559625359004275,0.29615911474618023,0.12994280682343512,14.80447741873858,19.95260785497703,46.06576274357347,25.519715268760116,371.04543057175863
121,3,1,0.8283042133937556,0.4586599211297976,0.2941062908929154,0.08745012584139891,14.117430343102924,22.353179091841646,0.08511940398269202,25.57506311723201,498.61109542230395
122,1,0,0.8002841151043256,0.40457644687708394,0.20760688380846712,-0.12782465526735126,14.233093980947586,18.370851009114503,42.34596523206874,25.723820784990146,344.7185685868326
123,1,0,0.8262829534152226,0.4482240555672046,0.2935601606630511,0.12488164791707321,13.858588320834102,18.779762070585694,17.348785677875078,25.421575965919256,385.56674852857657
124,1,0,0.8243852479803646,0.454062034988163,0.2843161994437003,0.08812430460196329,13.117889329737393,18.797399178057027,19.943995790455872,25.431923973697746,381.67107179383345
125,1,0,0.8483673127997751,0.4575420407667295,0.30189283907389597,0.11353728224947028,12.742727960411017,20.68821589797834,75.09333166098715,25.281113131695175,495.890069170131
126,2,1,0.7299651332600589,0.34338451336972753,0.07583408347484903,-0.4,12.621715481636215,22.918101392457977,47.38307734308405,27.657921771157817,395.0409560672793
127,3,1,0.8489479241557533,0.46183441243181467,0.2870303309998107,0.09256876412218934,13.318291784589068,24.466399312220563,47.94036383390566,26.17347795435872,510.99185596603286
128,1,0,0.8517019579463033,0.4556267845469285,0.29888408106596864,0.1360340922965168,15.16107927378412,19.11855037391671,42.06139110218632,25.670145759562377,489.31777460824173
129,2,0,0.7907807077153807,0.40078928880140685,0.22690767099995682,-0.12593775907294805,12.142289864995806,20.651511334086397,87.24593310116393,25.495138605083152,470.0371501661652
130,3,0,0.7617418346706692,0.3936922602934628,0.1715635511548824,-0.20711696683358422,11.248874320828225,18.29853409970491,49.83478705763466,25.203032586132117,346.31146701787515
131,2,0,0.8087063719613352,0.3870854497783155,0.1807690250602102,-0.19475703270488845,12.73296735089514,17.31877783287214,21.286513335810653,25.56037791440442,352.49400531485014
132,2,1,0.5723214719211861,0.2691097421216905,-0.022342081528205427,-0.4,13.342455931926963,23.297638871777103,65.70328055681425,28.090816226875443,306.78061666464
133,2,1,0.8251327547864021,0.45208778025716523,0.2886186031404684,0.08756269196014846,14.857433893553484,25.34121769152988,61.14125506900772,25.69651559527257,521.6804173391243
134,2,1,0.5733584556041882,0.2683711773699773,-0.022610572219070257,-0.4,12.039401421341676,23.772682197414053,48.095599919275735,27.684198402326427,313.5181064380196
135,2,0,0.780853606009964,0.3456853708995017,0.07895541551877512,-0.4,13.659778767767527,19.133607388653633,78.93606298473705,27.657205245914867,408.71948571933274
136,2,0,0.6387071538727429,0.2974011592508271,0.018449279812387122,-0.4,12.86558576430427,18.693841812382153,57.087044663344614,27.667317963215783,357.4212332985528
137,2,1,0.8724882829994177,0.4569424528016392,0.2933318250848794,0.07088520987895885,13.409080456633008,24.598178983122462,73.87409535869136,25.893846186684083,500.5076585593277
138,1,1,0.7916916259318566,0.3956929993495027,0.20961322933949952,-0.16345845489336658,12.732199806366499,22.381242232103244,27.913208827099567,26.551856330156568,464.93499876936283
139,2,1,0.8705739743177979,0.4626861532081355,0.2995735216441161,0.09029771611632487,13.87232260114165,23.990621569011697,45.290990189288785,25.989092583768024,510.9493310559214
140,2,1,0.8144156621348675,0.39184771719992406,0.19037495290177012,-0.15074259977975363,14.969678754467767,25.100221767766186,42.81855959859212,25.458317877409854,459.9673206578883
141,1,0,0.6530110403676378,0.293226698239362,0.009712429731756284,-0.4,13.568563065834937,18.326476091011713,51.14305035079013,28.286848519289624,377.2327320396912
142,1,1,0.6395642067362788,0.2990566872615047,0.013166518614330436,-0.4,12.815256198313834,22.478186929222097,38.10267232657937,27.619159974452987,364.70514867562264
143,3,1,0.7572587831640266,0.3783819029717107,0.1762543848948341,-0.2310736324062011,16.499147093481035,26.29908967881055,95.54275693255914,25.959045050226177,546.5431519633887
144,2,0,0.6949851400184974,0.3245815140011571,0.04196082522357191,-0.4,12.359171075467609,19.928533503671755,109.08737482987743,27.635441765794656,403.2123547439711
145,1,1,0.8217898308943619,0.4052386507725226,0.21285506545644992,-0.15011476291663653,12.60526233031775,23.60510979940768,45.53125069638006,25.060965873051725,485.1148751573247
146,3,1,0.8526735767647524,0.45810370606429923,0.2785760289129303,0.07222831285317803,13.48245567451314,24.946938538310683,88.75769050940048,25.98194662384758,516.751640115482
147,2,0,0.8317855646739062,0.40801157911684366,0.21293893727839194,-0.13304182712077206,13.22061021178899,17.705140818886502,19.09210173710005,25.29829508153433,363.6051979305629
148,2,0,0.8388723360128277,0.41017886061273334,0.21898201928769181,-0.16702825933244766,11.396247396604567,19.417845387005567,49.17366970647314,25.425104119166882,380.94943507162475
149,2,0,0.8289194316668471,0.45462096354477033,0.2872489376437557,0.07552909421878934,13.855279639166906,19.217989347787892,65.03665507907503,25.671835510135804,483.7014197349955
150,1,0,0.6237136911700012,0.2971840330302228,0.014144081598366786,-0.4,11.67944130683081,17.259690995709096,43.677026723256404,27.873600283445814,243.6409828557043
151,1,0,0.8224736396572536,0.3950517925616301,0.20239464347035402,-0.14339578472920894,14.739531351202457,19.78440671907658,60.10917434345734,26.05506471382929,460.10402287907306
152,3,0,0.8386483562771742,0.45959973688656897,0.2904962624650104,0.09693544545900386,14.406595002406245,18.89999081097965,59.0897832716256,26.350167229643557,516.1500475129953
153,2,1,0.8626551861813282,0.4563230904909932,0.2890629304925223,0.08256087726594727,11.558753460580705,24.30881200289939,42.22746351926545,25.56686937944726,516.231728647503
154,3,0,0.8495727525511705,0.46225172414082916,0.28708048708220657,0.0851241241749119,13.20448022821597,18.73475392508293,32.87565863764814,25.636523666993856,384.81284596408597
155,2,0,0.8485079663598024,0.45917965149614465,0.2969717549417903,0.09003749133466815,12.567531046426947,19.436643682259398,40.661620364503534,25.58197079669153,367.4854450294756
156,2,0,0.5116108792291535,0.2425286080670391,-0.06713739132493476,-0.4,10.360169242363915,17.386210433219095,42.67882792013361,27.468537726138727,195.04055546786387
157,3,1,0.8518695105862979,0.4565139131400522,0.2914189535874749,0.09843700145169654,13.832917249883582,25.1980792046974,55.18297672436678,26.18528064146222,511.17018421368846
158,2,1,0.8404702530173719,0.359679936601608,0.11212091859901718,-0.4,13.855379301899706,22.251556732006133,7.317839635181738,27.177412215840853,480.3553006586728
159,3,1,0.6967283055238421,0.3184528651274479,0.0434934194065065,-0.4,14.628127365999429,22.8700652750903,42.669461097606316,27.60984800866229,400.96216089735884
160,3,1,0.7757138489295824,0.38025751873615243,0.1666376550033491,-0.24018582630147958,13.917831871029689,22.528936574571336,28.435621770375125,25.77310914654389,431.351537401837
161,2,1,0.8359542652550848,0.4563572067685139,0.29144907481581817,0.06820837363549212,14.380926017255604,23.2759314570276,22.790806321137715,25.82553630357851,509.15981049941297
162,1,0,0.8496897926037326,0.45992111190742796,0.2912002101030054,0.09438882479668752,12.829729567956203,17.721931966759787,22.694255998291148,25.518856627294056,381.9557608812308
163,2,1,0.7190784388235977,0.32233888782506004,0.050975968968860516,-0.4,12.626393305946545,22.783647891267673,37.32701892375762,27.709936078329775,410.02230269391424
164,1,0,0.7845170730358816,0.38114810169309987,0.18636581634824417,-0.18292346315145,14.394697711386037,19.243803021153973,38.92750232113181,25.195059247779625,351.660801267087
165,2,0,0.8828695254195384,0.46103331954574917,0.29268223218941286,0.11170723339415888,14.175597840345311,19.76464221546621,57.31679306753918,25.90650313791079,500.00245474971945
166,3,1,0.8119283926068849,0.4021217847823443,0.2117015958743905,-0.14836588024665756,12.804563244621425,23.924370587987163,31.87540007461012,25.280928553809677,439.8139590191201
167,3,0,0.6850561317224166,0.32440517472101044,0.05077443309465655,-0.4,12.579630549692295,19.3440834759122,63.7991669234933,27.97299658370572,381.61447037641574
168,2,1,0.7495333299045324,0.3684917606210346,0.14161919716612684,-0.21844348019989626,13.62129350529141,23.777249702814988,42.541433576525506,25.882855265328693,403.87649581886916
169,2,1,0.8562749234398631,0.46339199839225326,0.28896611553346313,0.08309385082480844,13.719213071834712,24.63734935712272,43.50508953010618,26.096372963251593,528.5080038695136
170,2,1,0.7925812447975074,0.3568688794754752,0.11845897416683168,-0.4,13.162225443397457,25.021441953714024,62.73447118490042,27.371170475408995,437.5591447381096
171,2,0,0.8370609389176396,0.45572343529385256,0.2920100603497269,0.1066325218197724,13.614975071564341,20.24804819235886,80.44278030969993,25.87404047569337,510.4829916651342
172,3,1,0.8465338030420089,0.4561842997535119,0.29282247090431257,0.12660982508726318,13.50813460512663,23.601687046297105,19.611304462180495,25.542202691731035,480.62440953248483
173,1,0,0.7794263199480275,0.3398812735138762,0.08081835326842934,-0.4,14.006667581680427,19.015011532906435,73.12979205587038,27.658582740031825,428.07468049122855
174,2,0,0.8047325497890996,0.39152677006886716,0.19897836388355689,-0.1659547140930582,12.683106576260958,17.519232013472095,19.111940894923922,25.6002770083825,341.7558212949905
175,2,1,0.7265400991082344,0.3786982511821515,0.15937402775054854,-0.23746537990957572,11.380454387379437,23.580774877726803,55.21462961999503,25.83409787898203,427.95167341312685
176,3,1,0.8372614731307093,0.45070317052296094,0.29350670555719294,0.10895281634089592,12.011298020782993,24.85669998823307,56.9924496731284,26.162104703856762,503.07945690377625
177,3,1,0.8470849802054151,0.45507380099537603,0.29486349669508166,0.09247811580130019,13.717865138712135,25.522399546314883,66.74519837549671,25.781844893179034,507.15497247830456
178,2,0,0.8614966150009727,0.4531855718986593,0.29327933168646253,0.11961835493900352,14.680356309467514,19.398688362928176,32.87140624680554,25.37393457329619,395.0459427357521
179,3,1,0.92,0.4646414808895753,0.2874261476053445,0.09227925056719127,15.555594815237464,23.79052526265044,22.63392562807585,25.534029596502428,653.9681020689069
180,3,1,0.7318022085846217,0.35586795222151774,0.13441042843700193,-0.27859086558737983,14.409817253382036,22.296302037400846,4.23965642542723,25.708280782792322,411.2522804924239
181,2,1,0.7381718329137432,0.35907838210461607,0.14849815082793025,-0.2459686255118657,13.509821408859393,22.95404193732604,34.55830794111308,25.824924078447584,422.3621831560867
182,2,1,0.8914234260506622,0.4628961206164413,0.29770777837197293,0.13429197218851743,12.89406284397384,23.900920119622775,34.231024768818514,25.26172144569738,534.1665105796274
183,2,0,0.821523693399711,0.40926611077378955,0.21237763790307168,-0.12690294528653762,13.584805174446629,19.5622812259881,53.78100592658288,25.14229027323764,449.72561087580567
184,2,0,0.8377191575389552,0.4601670747526468,0.29541457260146414,0.12291018332657588,13.642791281230227,18.893173703227465,46.79639061127622,25.389345841390515,365.8085532025982
185,2,1,0.8570632004169675,0.4618667308725851,0.29150390640138435,0.11278054507124424,15.817461618725984,24.425402533001296,53.30195447851217,26.470446353790926,620.526964242402
186,2,1,0.8426204669697326,0.45846628892901065,0.2913274543006372,0.09278034201178093,12.955933384095752,24.733356497394798,48.84963795796481,25.75308446584587,470.8275561841589
187,2,0,0.8342487680733144,0.45198743218450527,0.29839609357084745,0.11646997163975178,14.75716912179587,18.744077383573398,10.774457608943157,25.3366491854544,378.56708465072404
188,2,0,0.867721823329719,0.46343419854500445,0.29494017938898504,0.09333922754591123,15.134450327394287,21.072670160489487,88.44696618818531,25.208946162721436,642.312532186081
189,2,1,0.7809113228686827,0.39791352706650723,0.20777701159792264,-0.14471609470078897,12.919306404806687,23.780524280987045,27.584605781271947,25.781973241816274,431.04636040287835
190,1,0,0.746647396754798,0.3412672191241429,0.07624047315479687,-0.4,12.686964958666415,18.66601668237158,41.09958281912733,27.130044887003642,311.47226574481624
191,3,0,0.8188025297320507,0.3529769495411613,0.11619262526188937,-0.4,13.637154198461326,17.923430306879272,37.25103519323776,27.495129384875696,343.148456831963
192,2,1,0.7815342598815767,0.3903595540086554,0.17709619023754022,-0.17493539805694103,14.184886692852444,23.99562826237769,45.65308704228931,25.609902117876707,476.253169149894
193,1,0,0.8012042676888524,0.3664071651382752,0.11390608258181341,-0.4,12.292269826338531,17.586769752562756,29.766182018602038,27.104692946026823,334.47797318557406
194,2,0,0.7574190718314704,0.3353020810935633,0.0780772845942627,-0.4,13.943222090870336,19.26532459591744,74.62725680640148,27.598143278886898,417.91502302985026
195,1,0,0.7914827293382586,0.392838423545711,0.19654605691961752,-0.16842658453507517,13.75011338104824,18.86983204999545,39.123716137736146,25.928742144340827,350.21415890499617
196,3,1,0.7030506580423539,0.32448461061289197,0.04150232681810794,-0.4,12.313910185461024,24.165026019401814,56.806087825286866,27.03822112969948,386.96927216709
197,2,1,0.8415027547445965,0.4147270792854608,0.23552383646946667,-0.09426936285052323,14.011265507587208,24.777588642625496,43.34366290327211,25.683166871283458,480.46635773296
198,2,1,0.86574676600877,0.46005810908518896,0.29115208320457076,0.11774119135860157,13.364427555388398,23.39169744081299,38.730293228977935,25.25764072250636,537.0188033758751
199,2,1,0.8483672622986774,0.410297785307095,0.23546960893708682,-0.11504846224747431,13.12554675525846,24.02735453386608,62.418866708356816,26.273877699453614,487.50756587665353
200,2,1,0.7509156882711329,0.3786972534903768,0.17077175315625817,-0.22504461416149865,12.459470783751481,23.326527252723793,42.87327462214122,25.959601189812325,398.05879399275653
201,3,0,0.8444204574421305,0.4127011951968938,0.23200548082743727,-0.13266857305270469,10.050732586070534,18.16841051230325,30.304043173479748,25.66737418091936,354.63079466858426
202,3,0,0.7934963469982912,0.3918533360586606,0.1973410898363408,-0.11915813426082067,14.832388553744916,18.313403067410896,32.497877814783614,26.0040277094843,342.45907065600255
203,1,0,0.7877278779519022,0.38528976912272417,0.17957951734998273,-0.20925900567828853,12.689453945671726,19.3241319501417,51.43490046519407,25.72261841143773,453.94848646826944
204,1,1,0.8693155147424411,0.4595085656009578,0.2892709818092106,0.11422024035265746,14.263550634270395,25.68493642257286,66.08516466038647,25.309928816628876,508.02487884227435
205,2,0,0.8542711264520263,0.4721608522431636,0.29508866650955035,0.10707066246566642,14.637036605406216,20.154479353405826,68.54542428596922,25.661118422494404,484.5387623059746
206,1,0,0.840822887836235,0.4525448888121618,0.2918977985607089,0.0873478197894529,13.13151918418013,19.589554264546017,34.71878426529573,24.717600456258076,340.02317383688506
207,2,0,0.8303253295342554,0.4524879669791694,0.2922240620637282,0.08186700953578169,14.209348009846753,18.683993025889162,38.18496266731183,25.501628510220335,373.5047676670327
208,1,1,0.8447593490602737,0.45604627715671286,0.29413745714817074,0.11225546359497195,12.147725366072141,25.005275085918583,55.506994994796955,25.33257973235542,473.94778944269524
209,3,1,0.8446330797559554,0.4633572209888873,0.29045473758007406,0.08482267008941669,12.68234119861022,24.123611566076118,37.62370215420067,26.394375440442406,504.2958411836204
210,2,1,0.8304267964144981,0.45646775461313605,0.2991546282628739,0.09348549549808421,15.129007342454026,25.14340758684513,60.71339942635729,25.802339230233354,609.2383418884693
211,3,1,0.8667246195282173,0.44995783794491206,0.2923873794704604,0.09713864880489927,11.913102347532387,24.92024547081663,57.809827556865216,24.95423050675449,523.7256413776782
212,2,1,0.8465052888878117,0.4531612531558481,0.28885488032597667,0.11292394176857641,12.843808742746688,25.066354455617205,48.507905193665906,25.534699614410908,516.0732411073666
213,2,1,0.4860049985381426,0.23431879853992904,-0.06795026694651272,-0.4,11.47156888482241,22.259780540695004,51.10006294885443,28.350104657807588,256.4790319852024
214,3,1,0.7936220147514496,0.4030809719039727,0.2068783095715955,-0.14323821773545478,13.192195382821303,24.306788298094155,61.875663399930865,26.050439192664737,463.57286679571547
215,2,0,0.8273973365371435,0.40580997730850027,0.21927582613157087,-0.12908035874762214,12.377908309934597,17.983686021796096,38.90981662027013,25.634421582797927,386.9295790824923
216,2,0,0.6345409243309473,0.2915314886592098,0.005881525795178827,-0.4,11.888283497623274,19.385705275455486,75.26175614332561,28.08676539017884,369.7645882563391
217,3,1,0.8444040451795164,0.45751444274202485,0.28398420629480275,0.06661427462712793,15.304730250316211,24.791678360442702,63.46917936472229,25.9023351037848,619.9972047471891
218,2,0,0.6876008549477297,0.3138883333700126,0.04171356663592467,-0.4,10.123498716857021,18.728476829981524,55.16634246067599,27.6648326669795,382.5445722639693
219,3,1,0.861043208297617,0.45607628872374495,0.289518966213454,0.11689030542513702,13.281105779216222,24.902786906764987,60.6849723457202,25.502103518324184,515.8512286422716
220,2,1,0.745169122854057,0.36386605967511704,0.1455458109797165,-0.26361387458072766,13.044010029375384,22.420724713137787,33.308630244309725,26.00364584404785,406.24895825357453
221,2,1,0.8046309134490252,0.35769787435901945,0.11481741380688013,-0.4,11.017181647144026,23.23295874723171,33.50301822541713,27.362338737802382,448.6054803931644
222,2,1,0.7129314614267959,0.32316981950394935,0.05085818594717688,-0.4,10.262416438951764,22.55120412334663,30.005809786103292,27.79714664576887,411.4243091387072
223,1,1,0.7411134100571503,0.3584471886875867,0.1413829769464147,-0.241500917504055,12.799160152006545,22.382655474397072,10.465422570253319,25.42358403104265,410.73221647812755
224,2,1,0.5877063421436572,0.27304711821023897,-0.029950780110684173,-0.4,12.806964986317821,24.506841818587258,60.85651726073173,27.210614545856316,333.89775426752203
225,2,1,0.843072140226257,0.4592888560662341,0.29799243647544504,0.11509980886634212,13.43592849586428,26.184771891956775,97.48273357731159,25.611075242848443,477.2788961903575
226,3,1,0.8852280509987223,0.4586958601908794,0.2913128729613203,0.07900457869906224,12.323750281043328,24.823127989487414,64.18532753415633,25.786947246230948,518.3950443505206
227,2,1,0.852854020577076,0.4552428382906326,0.2943232273078432,0.10496250512401831,11.628080563266192,24.218216084627,47.13592392149712,25.499022690324654,519.3933177067643
228,2,0,0.7794227174428889,0.38516284809487894,0.1802704017188877,-0.19735549799492286,13.477249286056047,19.369211380972928,65.35539925709949,26.251699445612594,451.0102667073361
229,1,1,0.8548385645704224,0.4640896731309714,0.29124097962976236,0.1178612151252837,14.09261281826674,23.92875890622671,39.72186330902885,25.644390697744733,510.5923707168792
230,2,1,0.7149990718890045,0.32345811616885056,0.04579695644802463,-0.4,12.157395595811854,22.429269036675127,36.057766658790584,27.43817660672446,386.22938602255294
231,1,1,0.8065595649831114,0.3860607525150778,0.18236293755601723,-0.200438879941963,16.053153573231754,24.618793104966212,57.26015088553913,25.263377291670558,592.2320997045739
232,2,1,0.8248984447659112,0.4512256876964583,0.2970609268170109,0.1053285086195797,12.892141577084516,24.29963062882907,45.60318696353228,25.463885120175867,504.393539932723
233,1,0,0.7177874534167414,0.31806818391722624,0.04815221615373523,-0.4,12.215656769633696,17.219524488451277,31.0230226042643,27.46263221254049,304.025064722019
234,2,1,0.8426443864532763,0.4168088797743083,0.2321787165937777,-0.09516079086650572,13.951486022333462,24.272500012812124,52.97224961724736,25.304224787994375,490.2384941942192
235,2,1,0.860264221008417,0.45823867253192113,0.2909724098453401,0.07925454769357393,13.26676874519842,23.607436532029922,33.017481710677735,25.814657273917664,518.6300809020236
236,1,1,0.5756058910938214,0.2722349041917071,-0.0284251612757186,-0.4,11.52107514445234,23.677264135553248,73.00768607816804,27.68257083686577,300.5987739301545
237,1,0,0.864603757103756,0.4529826963265691,0.29305639547014994,0.09273113496521405,13.362721224533486,17.66806384799491,22.268208138026264,25.402719936749946,359.4235965770545
238,3,0,0.8576274931038038,0.4576831630764649,0.28973742522422213,0.0883335800004236,11.318510201199205,18.771707345906787,47.251955333269635,25.47078121341254,382.6237152550665
239,1,1,0.8762608877398105,0.4644102655727155,0.2905603344589086,0.04837625590086534,14.849721022375933,23.790086394907433,36.27086086900111,25.51925163581402,515.1490014498303
240,2,1,0.48310921392491424,0.23777627830939735,-0.06634937151521104,-0.4,12.313947303689776,22.537925519292624,45.48543314226008,28.605146838324707,253.51056234606398
241,2,1,0.8452534949621268,0.4590501173661015,0.29782121481629026,0.09537724707753736,14.126156535721664,24.163047871687677,47.57053856603816,25.608370442066388,523.1100551778551
242,3,1,0.5071402178965173,0.24884961945228018,-0.06554448671527782,-0.4,11.495127888912892,21.10390884167216,20.021562047373738,28.417739919843722,266.6355052853922
243,2,1,0.8762778505170727,0.4488319991664217,0.2936407955079056,0.09757647784620062,13.700720398785544,24.656806095382986,45.29876654929498,25.805017755412585,542.343291821471
244,1,0,0.5890299373204647,0.2694041473860086,-0.02477032132256397,-0.4,11.736233896429743,17.43002589111417,24.747162783010534,28.23551802652175,221.91513677854263
245,2,1,0.4958727895068893,0.23330234187351953,-0.07316260947422956,-0.4,12.74063461277466,22.020605206582765,37.25855686089962,27.502596500153583,275.6931651004476
246,1,1,0.7606009037012806,0.345289143020596,0.08289663307274561,-0.4,11.874143568558242,23.795062935188238,57.00875484418683,27.496540536839184,405.5682525368812
247,2,0,0.8523753306258635,0.45177293825931725,0.2926874319963291,0.06688436191885401,13.88736770537502,20.1577306307997,76.71785336516376,25.383738022883584,526.7011244766777
248,3,1,0.7242625404220279,0.3660638238712421,0.14538279472064014,-0.21443614360796473,12.28856298873464,24.01059768451346,53.03367884299386,25.3018412472335,421.10247035386664
249,3,1,0.7000592186292623,0.3187106775087978,0.041864379099199815,-0.4,12.693107921925154,24.562101003673742,72.39227158912757,27.72641221417596,410.30299702184954
250,3,1,0.8408692553342102,0.36223616676857856,0.11072603047691579,-0.4,12.69905944312484,23.17671181004907,39.88838235292157,26.65215155360204,490.48797213568247
251,2,1,0.8515397868402956,0.46074315110232816,0.28530869562841954,0.09546116099920543,14.424600414686672,25.705082016902935,73.92544912695126,25.836099117983586,494.3720720229017
252,1,1,0.8627794878355524,0.4505330024429677,0.2906300210566854,0.13093647193031763,9.986931937408896,22.952026821771256,16.069574274396718,25.69544559271399,388.4163042934313
253,3,0,0.8487920415001852,0.4529168669342424,0.28464630777152394,0.11614808641255386,15.43632257023741,19.08372305283657,41.10771354983392,25.621293213456397,472.08704292933413
254,2,1,0.4944421977719856,0.2406173213176817,-0.06101386592827054,-0.4,12.10561859482629,22.921580142370466,44.40517856187268,27.274952665637322,288.90129182342906
255,2,1,0.573651094844599,0.2718917629055019,-0.024726892721241078,-0.4,13.205605258356846,22.067473954652822,19.311329081896616,27.686036587711165,294.712789311979
256,2,1,0.7357961593195389,0.3633644518547696,0.1567769450792536,-0.23538445278716968,11.728178339959445,22.794960491744256,24.109025001820925,25.490430279562755,432.883930620755
257,2,0,0.8892922449978308,0.44955835405108413,0.2884318240383622,0.08538274590744137,12.586767820507724,19.682310197796987,59.64077962653441,25.70799980735522,522.8711634773413
258,2,1,0.8808920782575624,0.4659927671984388,0.2844731593449121,0.09444143821583871,14.587850652929786,25.192739977575357,80.18145139232871,25.31826157254174,513.54470088032
259,3,0,0.8367809067907189,0.41100496510291806,0.224342134392271,-0.10981079852661932,15.09111707933696,19.535302458454353,25.870375342759488,24.655172794102146,441.4468064847229
260,1,1,0.8961460852984731,0.45884190353856696,0.29357851852643124,0.10641526860931803,14.915814732225476,25.028225456701637,55.14617517848374,25.72248397369995,542.0616235579726
261,3,0,0.8427762055235417,0.456640602713258,0.28800169153309224,0.07917509988258992,11.502806005470685,19.504674027104556,64.0250057422827,26.21281259321473,480.6381545685403
262,3,1,0.6939511950658314,0.32529366660464415,0.04399774452532376,-0.4,14.488963496891403,24.533578496232167,55.98523404701819,27.386255197506404,392.62111085072536
263,2,1,0.742506758805657,0.3586836330708979,0.14152723655851046,-0.27005407340004295,12.649667834542582,24.395758623635395,41.0960284516127,25.759059718643293,424.5027005139611
264,2,0,0.8425283968459584,0.4637071281691124,0.29195778362306873,0.11209330769625825,10.571503417188552,20.071387602089295,67.46468330884022,25.902353827316347,506.6633995092992
265,2,1,0.85866721381819,0.4510019574193146,0.2919866489014718,0.1004742728427382,15.44713594907892,23.11112821803936,13.449380402329757,26.264887394809517,611.9257912018336
266,2,1,0.7488526973905023,0.33624533675229745,0.07657654053184566,-0.4,13.649291295562762,24.333106833658114,64.65954906622026,27.11907070613548,446.237910368126
267,3,0,0.8438893465194646,0.46095825688818837,0.2913637838689885,0.10369521731761391,13.388361246558315,17.47730628909682,28.932978146295742,25.55232039219109,383.46748542098516
268,3,0,0.9005618880452997,0.46049813909798043,0.2931685304997657,0.11318297761127802,13.198251918822892,19.5126741635384,74.58301927697197,25.718473017584454,510.7602948980742
269,1,1,0.8340884571651453,0.45499602442367165,0.29479908694167384,0.07217430017483406,12.236742257173827,25.07231653861769,66.22285333306387,25.34380140317605,493.3940916846303
270,1,1,0.8171861649313644,0.4013527734832206,0.20388624598887323,-0.16206269801766107,13.731326558810833,25.644032154899737,83.60173898767309,25.53747816406024,481.83438705649615
271,1,1,0.8060225677959144,0.3664705849662707,0.11421385745100254,-0.4,12.949993913022638,22.42705500579363,40.06262900892606,27.30664658913658,430.3410238511842
272,2,0,0.8446588934331176,0.45512096380421685,0.2941382332688088,0.11443676145753068,14.229418200086167,19.257760039202957,44.12637733294174,25.695741141142822,348.7478175494164
273,3,1,0.8366291304774208,0.4528571828923762,0.29598392613898794,0.09660890559435362,12.694381900385219,24.75306899769175,48.18708954398104,25.036075721726554,488.25731621315754
274,1,1,0.8597900520808134,0.46001550397805346,0.2878461867833044,0.1030031742471808,15.69113665713335,25.413023655058048,55.780632057785894,24.51824181075926,626.249476082668
275,2,1,0.8130224992754724,0.45683631013594345,0.2853435554211292,0.08276857065113602,14.810360095761915,23.95383060073083,32.41568810241803,25.149372423192926,467.772614516291
276,2,0,0.8581174785140516,0.46179555490606744,0.2899906257219731,0.11512327567285395,13.739812891421163,19.484343184399258,58.22059002295273,25.673760328574463,521.1669993814127
277,3,1,0.8418066186735382,0.4513718815853368,0.2928971696008841,0.08922831159433356,14.34080377133346,25.592059982910396,79.30608036258975,25.49712403243214,488.14277956298054
278,2,1,0.8464124818340352,0.42249917725640157,0.2304797573855355,-0.07765564007550219,14.16142422117622,23.81081521207186,52.1246887041011,25.69804244670621,486.7927009470154
279,1,0,0.7722148694109534,0.3357144106597289,0.09062040919534378,-0.4,13.594875613015848,19.930841426929867,79.74005551826224,26.699886187171398,422.2360183150421
280,1,0,0.8976703357791023,0.46109656829695445,0.2883393652039189,0.10823697092290055,14.528080181582153,20.8894300069555,75.09263286845925,25.549792379409425,548.6978856263802
281,2,1,0.8307669471448262,0.4518074691874515,0.29069902299900124,0.09749130139752106,15.485169968181316,23.984027913337776,34.02573657273434,25.90252421195076,609.3597904629926
282,2,0,0.8464847635596331,0.4505442403854324,0.294374665936916,0.09046603648546195,13.076123467952433,20.334300624125593,77.23985075194803,25.577407422562377,514.842990825901
283,3,0,0.5575844836872521,0.2671716247160825,-0.028472291731777323,-0.4,11.489947202570464,17.59135627764501,57.53440841689815,28.258134441297887,316.7297150655574
284,2,0,0.7624021408395439,0.35772348128986103,0.14438496940117626,-0.23749407469186104,10.491292873764413,18.766038283696655,48.72638269302328,25.46419967900106,325.59168572331504
285,1,1,0.8587364943438477,0.45442961753770533,0.2978920187857025,0.12006666143643772,12.561969174461222,26.940288945999733,125.48838187684264,25.315441135144237,512.5259010478113
286,3,0,0.8345776187441888,0.4049805468449743,0.21111307149273184,-0.10851178785815718,13.45970590589786,17.423957990416156,34.52786683032906,25.199805245394895,378.24192484135096
287,3,1,0.8356654563224095,0.45462627057526567,0.292973088715444,0.09408366147878322,14.184133453945691,25.001086908674306,70.59211301077562,26.07231424067465,507.686198614739
288,2,1,0.805208594279543,0.4068975080392082,0.2143845412995356,-0.13219438398799954,14.525391683452611,24.301098235720076,54.6152382210774,26.33855665577416,471.93424648006584
289,2,1,0.8729188084520506,0.46472634703902455,0.28637825443414167,0.07706381563504466,15.497967513938873,23.393238550540055,14.991819468098091,26.312805331370846,616.4195704185613
290,2,1,0.8590674578047585,0.45797621723903836,0.2920438432950691,0.09263784348785335,16.372054341837575,24.286986239789062,27.20525987436161,25.32094174774469,651.577612711318
291,2,0,0.8493198494839618,0.4599103754821997,0.28725629432935657,0.11521766835113016,11.842100016908368,22.48487787993173,147.34273387050436,25.332935274939256,492.44612516933125
292,2,1,0.7699814295593306,0.37612450031746125,0.1726287400835787,-0.179152846900192,13.549807756739844,24.13691949656235,88.60236064901437,25.34004487872631,453.6633740945288
293,1,1,0.8232117217203152,0.39772819860115893,0.21274122342197627,-0.10507704665977513,13.671961179379279,23.835657363433796,53.05971481603166,25.50720213943955,462.2443810037365
294,3,1,0.4941903828326567,0.24057266267184635,-0.06279607451077332,-0.4,8.966368814135514,22.012096294051695,40.35766392815134,28.41342723536937,196.3790214530048
295,2,1,0.6847250152585403,0.31559941472426745,0.04838762480753255,-0.4,12.444793962417396,23.644991543996795,54.34238750960041,27.90075931650141,389.38644483356785
296,1,0,0.7683120780041532,0.37511466629241197,0.18786112723980009,-0.1744477354974337,10.410611919055265,16.53406515402822,19.210854948688525,26.590411474151153,350.86829484692424
297,3,1,0.7400206615440804,0.37234842566764714,0.16508774476795166,-0.21787949807903523,12.91233416617002,24.033266651366258,40.13575128050694,25.49395504428157,412.08660230670495
298,1,0,0.5555847324866134,0.269324062860345,-0.025092870432478175,-0.4,10.272227306768176,18.838733137146825,83.14296744568567,27.814464862364684,323.3901725913454
299,1,0,0.8488449500549734,0.4564717629036356,0.2889857324212968,0.11289247150880855,13.63733447582602,19.958262335258162,73.7389686050229,25.521427198648773,495.66614069616196
300,1,1,0.7587975283028634,0.38257539907016724,0.18009314819953887,-0.18401519760880047,15.676568223965395,24.33236657816354,50.89707571279722,25.453165652497322,548.4395458623591
301,2,1,0.5953217321698789,0.2755304518324378,-0.017571842259350167,-0.4,12.110222692497501,22.471955447808106,30.80486434463477,28.394224897843223,326.24798032178194
302,3,1,0.7735963960073021,0.3751212064603936,0.16533498265801205,-0.22978734822126834,13.440564469546121,24.65940274061994,51.94245775251379,25.54496521722198,444.528638520059
303,2,1,0.5145728779365186,0.24246429929564658,-0.06535276520051925,-0.4,12.002668657634786,21.520611225322344,5.084755813317563,28.047635098892936,276.9631246930359
304,2,0,0.8347154907361574,0.4621919398361089,0.2898083374752262,0.08346227192570752,12.627500812718798,19.127420204974637,62.6375831898445,25.17480506244828,492.3479604205536
305,1,0,0.7939127760419934,0.3780070345200045,0.18104419031789382,-0.19448328046110389,13.324977939964327,19.87703850831977,84.02206379167389,25.426673656021293,484.3865198223632
306,3,1,0.7917573809893732,0.39266636007572053,0.17728440661412703,-0.22698145784079055,14.381771491313922,24.227853587846646,44.27841920498855,25.9046626035557,435.20612033037776
307,1,0,0.6355011662394034,0.2958284618829493,0.013706645653751782,-0.4,11.83780044758784,17.17684264675923,31.31895765243819,27.66637695159356,236.21546635067796
308,2,1,0.5777578917337799,0.26579486895242266,-0.02178969529905007,-0.4,10.716962767892012,23.362358048626024,72.89701884855012,27.960805534683196,327.1362500403611
309,2,0,0.8554066190614572,0.4506916538877336,0.29459478247877074,0.10984938544534506,13.678981137679006,22.008052155525345,117.67670751552998,25.50640767829602,530.6823007749673
310,2,0,0.8774256741186784,0.4598331067221956,0.2993900433141375,0.11102014677694996,11.462965489410628,19.156254902470042,54.436773586725614,25.59888162969586,528.018820830958
311,1,1,0.6443877140486325,0.2999549562788454,0.014056465872367408,-0.4,13.072810727916785,21.689495965670936,18.642980364065462,27.46158619816878,332.5735524846987
312,3,0,0.7891594832028529,0.39418133387487253,0.20156092257733818,-0.14533991243846883,14.720399153327318,20.415643456569406,85.9255550709506,26.23861068463875,481.5272361639636
313,2,1,0.7725927386830339,0.3851375719586289,0.18718178588044473,-0.15358710360273664,15.416368626154767,23.16923447784756,13.985842770474594,25.46899511139615,528.4849723400929
314,1,1,0.8775664585846515,0.47028928766945377,0.29022031530793246,0.10103874410584227,16.62992547374984,24.749965181053145,51.28481566044233,25.410489388473955,640.1619653531645
315,3,1,0.8606301817768526,0.46272470130141574,0.29221795086274416,0.09444570355855986,14.653461320132596,24.467087205416075,50.935011980822885,25.053079337646434,526.9545024567157
316,3,0,0.8222977781142452,0.4049721228226687,0.22121371293561184,-0.13813919358125995,13.83877682848036,21.09695448796331,82.81804550603204,25.444828307321337,515.9829373437183
317,1,0,0.8488933673514721,0.4525242660862574,0.2919083418307388,0.11313316192073157,15.649880843057804,20.231112209760617,54.97228511891453,25.48590902734686,633.9057937916667
318,3,0,0.8387481861663875,0.4564096203909675,0.29757643137879797,0.09350069047537317,14.307843801797596,18.921041880853714,29.461532890548554,25.351537179056034,380.932608652688
319,2,0,0.7150087135712846,0.31089700433437994,0.04366039502070933,-0.4,11.974317757469795,18.7296844918859,64.22555964621468,27.075821884833022,406.4394589173227
320,2,0,0.8676835492277861,0.4582601876590832,0.2890893268034624,0.09042558627158645,12.799506058956075,18.905042197471907,32.029637516008506,24.981800687269445,362.0012176054015
321,1,0,0.8029203323318751,0.3614369714413733,0.10734285938099113,-0.4,10.112594269117793,17.550153362051994,40.07685448026584,27.194023615639907,325.75978128750376
322,1,1,0.8488670189646117,0.45328087043821663,0.28919328269687067,0.10506895155035473,13.509065539177112,24.678220838181048,55.05841390112242,25.758517108896932,509.53566723327725
323,1,1,0.8359908935277183,0.45408314285842727,0.29655899773050654,0.08355398699350271,15.304903079613826,24.533168505816647,45.04882428785196,25.316586186480954,617.232245021833
324,1,0,0.7874313426805775,0.34123152699828785,0.07553040690307641,-0.4,13.047717079093344,18.469229330490116,36.178404806957566,26.80091933900415,311.02984510754703
325,1,0,0.8737222173544382,0.46221715575923705,0.28304091363610884,0.11103762759127375,12.95563664904492,18.83187352134728,40.291087252555165,26.00256130893399,420.4507299608994
326,3,1,0.8290557473934189,0.4572510901642041,0.28660599654777835,0.09199935412303795,15.447965419202843,26.393266706858128,89.1500214833088,25.921152405531483,590.7619302644895
327,2,0,0.8353376622763904,0.45460064240822184,0.29078850301485837,0.10915250093340347,13.784579423641437,18.614301100900565,39.29901069315055,25.899480399456213,366.2676746385974
328,2,1,0.8538700983584735,0.4626157415237264,0.2885153094289935,0.09121863102221703,15.660404178277464,22.866419767115236,19.533775080684805,25.132309344175805,630.2002814338298
329,3,0,0.6548013748391811,0.2924584199464969,0.008769292490469677,-0.4,10.739955277854651,17.819988742748592,52.625585238025806,27.711508863893975,389.35988220530766
330,2,1,0.7802872839909352,0.3885814820304215,0.1843057934838851,-0.16440888431983508,10.3798309794953,23.135628114973272,35.62524308944369,25.473034842101242,428.1033608276837
331,2,0,0.738694265272904,0.38443154176693056,0.17771851631434393,-0.196843156490855,14.216726375782914,19.3825254361223,65.80079396920006,25.527922558000977,441.75284260555475
332,2,1,0.7817583086507819,0.371826773500693,0.16542150015305562,-0.20762690526984023,12.152183592940892,24.164802785577187,75.92130836499283,25.539172414797257,459.05485258099384
333,3,0,0.8456020992450233,0.45094273316005057,0.2929979334908374,0.08843143373530285,13.751831072665734,18.24990812069506,37.77877592156172,26.023641703129567,395.446658879837
334,2,1,0.8595520392926453,0.3614783929178297,0.11319583872791136,-0.4,12.332680778211172,22.993362841745917,22.482675816003614,26.615528334253945,470.90718576369903
335,2,0,0.7161997842429922,0.3631336779922582,0.15823926093608312,-0.2081123603929292,12.604457808481943,21.187742311843653,104.4412121112204,25.635205764276776,417.3235455581028
336,2,1,0.7666417223192901,0.3919264792563868,0.17857504934798704,-0.22102766424057693,13.846334088502061,24.62290460064249,70.00034832646563,25.71010718021008,456.21955744972473
337,3,0,0.8164366536395121,0.39242272754211677,0.1856094826827462,-0.16947051475555114,14.024147740337717,19.94869167839439,54.8103998895463,25.465550505782222,454.9219841094804
338,2,1,0.7804534337989473,0.38089423150915547,0.18316686918356342,-0.17792496780614261,12.408473515537501,22.77356914785715,27.436995440203876,25.866064226940136,447.72784783726826
339,1,1,0.789689877887406,0.401842884265102,0.19584101175490737,-0.1553338832518255,14.335824416184035,23.939250229571847,25.842930577076114,25.619366710332617,427.36924395857056
340,2,1,0.8422948797897448,0.46024227847697635,0.28819287537383714,0.08698752594816155,13.66481128992529,24.44219215689432,50.50536570286901,25.294244011510553,516.4124206817897
341,2,0,0.7708187146872555,0.3739907746167893,0.166840310909203,-0.19992931898240482,12.905144840783114,18.144210401677917,25.158425442374607,25.81370967056037,321.9958542295233
342,2,1,0.8571073771094193,0.4601239318851681,0.2945517034444925,0.11068736769198177,14.39610316597997,23.28107577638685,15.756619161415076,25.941335092194514,512.1835080069663
343,1,0,0.7978902525569156,0.38833947953267156,0.17707763757528966,-0.20780721565972415,11.235781247262048,18.737321162385552,41.62949370026014,25.628318214926786,356.11757722567296
344,1,1,0.8791672236656032,0.457610709672716,0.2890475784387231,0.10333242328313985,15.16924918274371,23.644724897826954,34.90438426090515,25.89342879454914,655.4534402890712
345,1,1,0.8254536924482653,0.4444185362777948,0.290939849626166,0.0814963600324138,13.349470107016923,23.58002465724663,45.41345781140411,25.791176088727433,493.25649829247106
346,2,1,0.7819204071683417,0.3991797735718059,0.19207766178423621,-0.15566989908057055,13.956533262294753,24.226037020126284,58.16746972641143,25.83543290111829,433.9144314396688
347,1,0,0.8805399035199314,0.46527108521879124,0.2846367623195206,0.10481866576919013,13.389943210730845,20.075858458323825,74.24993299255613,25.604072460459236,532.6532923549729
348,2,1,0.7401283539239738,0.36986707018923315,0.14998865776057885,-0.24883188051278227,11.843706218700856,23.751678738610096,35.225587994317536,25.058879120582468,415.70459033567835
349,2,1,0.7806699314616081,0.3805244640697642,0.17672481256610967,-0.1914104667867816,13.160501955827925,22.939679802434846,34.1376103644382,26.110070381991978,451.6219206492414
350,2,1,0.6908019526211013,0.31708028067849464,0.04790928932812863,-0.4,12.808556722100732,24.011911640361667,61.5353901078901,27.45198353204278,346.0980698975961
351,3,1,0.858053849720834,0.4648370134252925,0.29783429665756056,0.09521357125533172,14.441751814641481,25.089769246990365,63.927382779772714,25.51846592774009,499.6334589813305
352,2,0,0.7456016785093798,0.3755901533750022,0.16426311642634378,-0.2257974750814223,12.618355069225897,19.06144478142942,72.89054458482993,25.82606926857481,409.54398988076304
353,3,0,0.8425611471690143,0.44803322363379283,0.28782644608548885,0.08971158275121871,12.73077558163318,18.76394892106723,34.373553845136186,25.875658849915833,380.7974345591373
354,2,1,0.845546948349504,0.4543537060297286,0.29483895114916475,0.08881273537867518,9.26667862448663,23.382787699809867,25.24283298462632,25.778970837649258,354.99710500957457
355,2,0,0.8379849725819359,0.45418711272874795,0.2916074849980176,0.09080615342925871,13.512302395337624,19.94555881162217,65.06814935686398,25.725375622060664,449.761139076773
356,1,1,0.8746419796092471,0.4606031841555489,0.296376281789847,0.09723668016008698,13.734051699069825,25.158410599539195,70.24622114884755,25.315026198414074,513.9268941758052
357,2,1,0.7950080966660117,0.3978614789863471,0.19459354025028158,-0.1422365586494697,15.448392549857903,24.98106327938855,54.895284211335294,25.498906568032393,567.3694273143909
358,2,1,0.8635369347422011,0.46007268082856745,0.3003881074231791,0.0851300699666397,14.640172943298758,25.10384523750139,59.49307453766204,24.9540655043359,527.7425038039981
359,1,1,0.5833348258580592,0.2701368122284834,-0.030067917488864303,-0.4,11.231073623759311,21.59187347897042,25.411876936159157,27.63336713732743,316.85020899092547
360,2,0,0.7766106377271935,0.39545105917524365,0.2067525601877959,-0.13961293934930646,13.504888530255208,19.468051339146278,66.66434640004782,25.528747468873416,458.7892422916419
361,1,1,0.8826985851387535,0.4546190556258966,0.2983085800247264,0.09838920095259743,13.625843100882774,24.099036658686302,57.26165838742449,25.854906388609216,528.5983650377849
362,2,0,0.8418446701216946,0.4582863330415126,0.2931175858892775,0.11467673807336608,11.915470943202982,17.94386028859075,20.606650293421183,25.984498786583533,371.4950788981514
363,3,0,0.7460729312935015,0.37565404425340343,0.1566361156551588,-0.22447450095550472,13.875371269854046,16.952649520981197,8.051172080901535,25.53627979366667,337.1369099994952
364,1,0,0.8071372865202828,0.3938716660631696,0.1991176562082952,-0.16380705021723707,14.197234071616096,20.121184119540867,70.46976347254031,25.66282255340446,474.3084064069671
365,3,1,0.8001381184740879,0.40861983357525594,0.21626517558613972,-0.12302698502225531,14.087407839275734,23.34881130888338,17.67375714477808,25.225601945552036,499.49487528847817
366,3,1,0.49729614942583866,0.2411537514355641,-0.07318691571607801,-0.4,9.977968375801344,22.383392236858434,34.102795363790236,28.029003648604423,197.35852019788777
367,1,0,0.8537333038602549,0.41562273329566457,0.23245916310350348,-0.0673660079524026,14.250114989973365,18.32232916834223,40.4960724281244,25.50905508111191,376.3523972031048
368,2,1,0.7143151365163786,0.3198803928313816,0.04956788705033232,-0.4,13.732797153136826,21.955439440319775,19.84559462950349,27.341626957676237,391.66397632249897
369,3,1,0.8695486203825047,0.46012262910571594,0.29355184677080726,0.10724537590738625,13.648365623714396,23.649040875984184,41.58855201078011,25.52622675248383,505.46080146961464
370,3,1,0.8423560807023152,0.417375896298336,0.2368549517077811,-0.09338046311692175,10.776417567713715,23.80182368207756,41.013241648623165,25.98635884714202,489.7565945175051
371,1,0,0.7600416856297857,0.3658913176753208,0.1550549065145544,-0.2327792833425428,12.71678594332817,19.097306986557392,56.64203556836099,26.279626104049708,420.1489788806515
372,3,1,0.8452593696434988,0.45464945119486433,0.2890532724494622,0.08098271304755085,11.456989044002086,24.864210074604827,50.526486240568936,25.63403090778935,494.87016329917327
373,3,1,0.7588758037932511,0.3676600838241331,0.12948673398964217,-0.2817396611158857,12.309845791089321,23.048841043829825,32.3772788530756,25.78632467096515,430.44364823629115
374,2,1,0.8319392858234259,0.4566855129746365,0.2957282849980793,0.1212657333968977,14.10657475995209,25.481384272827565,59.27607072768216,25.26939256473099,497.6172446895376
375,2,1,0.88975641822934,0.4617134963799689,0.29933786653043487,0.10098137682766543,15.086363301494414,24.36126757759142,42.06641024710554,25.414929207588518,657.6704972037323
376,2,1,0.5020377006798301,0.24418250813261072,-0.06074388320429776,-0.4,12.303081574394428,22.060001232600996,25.428976465028853,27.838200917130752,266.0046306254543
377,2,1,0.8472567014265469,0.46059233520623455,0.2982009534969101,0.11141419602577558,14.064428167450906,24.21041069801838,32.010694809938684,25.419738321888207,522.3949191069391
378,2,1,0.6757471569921017,0.3235017148755542,0.04555360372241106,-0.4,13.52157339942928,23.279440047903677,21.340790380623048,27.586679760931606,359.3104645057254
379,2,1,0.5643812904063568,0.27292470217871756,-0.021535461199139173,-0.4,13.199714313356072,22.972311967063796,43.9790214446693,27.855108446091226,311.2086794585601
380,2,1,0.8411284418391912,0.45974403909814815,0.2935888822631708,0.0940989638790172,11.43206600385067,24.647782633675085,57.27799322147046,25.331619583496323,515.280588652947
381,3,1,0.7163857267531422,0.35357587891965053,0.1455852000747493,-0.21827282355501407,11.939894527197604,23.946422082344693,48.71693779722261,25.51391169069579,382.2134787305381
382,2,1,0.7829184422523402,0.38216290568852285,0.18729839053962707,-0.19739811552904032,15.65381194910242,24.98435511562857,50.07598921500963,25.659907157894406,574.9169557827131
383,1,0,0.84742155767106,0.46529304350149997,0.2989193440756151,0.11928441014518765,15.506472987904,20.783734433866517,93.13205633655957,25.8635617424626,627.3966270580877
384,1,0,0.735914242362874,0.358140241069626,0.1429406573910399,-0.2959625975169952,14.315630207961425,18.610064430982288,40.847762902594084,25.887178525952265,322.7358140977595
385,2,1,0.8258367750850929,0.3971591775077362,0.21452463555546214,-0.11947309589916177,12.638209275627775,22.87591975817518,37.50090297955794,25.8062055689687,488.7989081861996
386,3,1,0.8948453489963631,0.4593852484767161,0.2949780450087943,0.10172218139453766,13.380558794825337,24.625795536583997,61.63119209194633,25.858097195043978,533.3502038869511
387,2,1,0.7755645095578083,0.3420638165159577,0.07963836238604391,-0.4,14.263935995138409,24.037790625123876,61.28636429187229,27.720939695079768,448.6606168532009
388,3,0,0.7765672890347776,0.35806907287852907,0.14348220848402696,-0.24718751097467184,12.821473089108238,19.632540057508226,46.70627805830089,25.17823955276136,352.9463253191742
389,2,0,0.8349715843511294,0.3592129655984104,0.10960978387280551,-0.4,12.082119371808393,18.98430504293483,76.44486107271626,27.08660112620659,489.57591486047835
390,1,1,0.8667683071818844,0.4555572723338138,0.2939094366616609,0.13087790759759646,15.238437742061793,26.299895601191434,90.9377032548854,25.579338738081056,644.2945883811489
391,3,1,0.8616345953748975,0.46036580559823115,0.29385654694929486,0.12166134617870372,13.547944124506865,23.53062272229326,33.92767536856681,25.508804276198127,488.7912531689793
392,3,0,0.7589722391550655,0.37584028884569615,0.15060996651578362,-0.2636760485983498,14.679533875480336,19.304516434482775,43.59311464906958,25.790538615632407,304.78226606332873
393,2,1,0.8376730355557085,0.4521271230803444,0.28507189546431505,0.05593075543183124,13.830939006319058,25.566994974612548,73.32814082256102,25.600418015635785,525.2499362260265
394,2,1,0.8657750877824905,0.4592171351286053,0.30268950037549125,0.1113384342595436,12.595017951790972,23.14327343778023,24.55185777796415,25.892131569790212,488.5892095632942
395,1,1,0.8452826235877711,0.45533140826004886,0.2930227018247725,0.10472963579067492,12.857703048178633,23.942813395792186,39.74384423526628,25.526543649271275,487.97728719418006
396,1,1,0.8728827056547317,0.46127294582246303,0.2834688408769498,0.07378428907476414,13.401532704690739,23.069819646904985,26.113753646633896,25.69987235299907,537.5737540958979
397,2,0,0.855167537916758,0.45213901732192074,0.2922767468688892,0.09039979047687058,12.934209579701301,21.828641419600427,109.3026498376029,25.84935985743586,500.7686603926633
398,2,1,0.8412419516608293,0.4555993583225607,0.29062977995538813,0.09038886910681253,12.94830081292668,24.100905572677465,46.46600673728541,25.79915738406371,521.3213646944685
399,3,1,0.854196657865184,0.4577048487552834,0.295469022261169,0.09785154976766294,13.117161359714437,23.761075613315732,39.64543503964445,25.710839039310162,517.1638313441779
400,3,1,0.8030095091791352,0.3984858739320305,0.1994077466332791,-0.16425741770236255,15.042459052410743,24.44290254750792,48.84468535822512,25.48385173247313,598.1890339735043
401,2,1,0.8669833676345265,0.46008094700845403,0.2857218008181504,0.07387295678394618,16.776848318654046,23.881297282376348,22.35098385207872,25.594461101356345,678.0041706634427
402,3,1,0.622966273899261,0.29210171613615377,0.011586456499739096,-0.4,12.865947701550219,23.38210155151254,47.571463658134746,27.78921774751209,326.72811939190007
403,3,1,0.8349713788444738,0.4195098017122235,0.23594622670398535,-0.11990025249606337,11.619991380569711,23.044522336137902,23.96528380364038,25.399147673043604,479.24492760663134
404,3,1,0.8687802952614739,0.4622284782041214,0.28877565844572056,0.06227814206111801,13.448742711836552,24.644228552177317,39.552373646494694,25.187466274612962,523.9686050486722
405,2,1,0.8714674748306888,0.36637876671537667,0.11152885993128034,-0.4,12.999870816966924,24.42310408454542,52.647652016364745,27.576465426436847,489.5643123222216
406,2,1,0.8684518679228612,0.46124554763034464,0.29349823988635054,0.10318232359003619,14.687654714022399,25.07156666253561,47.84946701461976,25.764396999429785,491.6656619774984
407,3,0,0.716060609792546,0.3201118262870596,0.04394020781920198,-0.4,13.1419388144272,17.69221490163086,29.008942316487754,27.56253840859901,296.34947983421176
408,1,1,0.9043291733046399,0.4613979610004632,0.28846980461720323,0.09606142115293664,16.228137197240326,25.317560814063924,59.12179237898609,25.41452277595605,664.0708934807276
409,1,1,0.8635068787259526,0.4610679957555538,0.2834048014546611,0.09991072299989132,11.814220689473645,24.73985672132969,48.55451202048939,25.48327535042123,505.7174447081527
410,3,0,0.8674833173460726,0.4542603684045773,0.2951684586377211,0.11574554144180813,13.70826594864626,18.119404946117633,16.4807678914748,25.74633240153883,402.8114976210545
411,3,0,0.8452471270207012,0.4136259827130573,0.22327525926370867,-0.1265975931817684,12.122479335715687,18.14633502413115,39.38059551416477,25.858739830712373,381.6310310809306
412,1,0,0.5155576411702918,0.24158535476023296,-0.06256291338278415,-0.4,11.664661174976231,16.816049188028646,19.829079696364886,28.499981339024657,220.92374415802928
413,2,1,0.846608480512424,0.45894734905017504,0.2893615475003886,0.10831374657759338,13.79953375943443,23.933803358243672,40.05603520479006,26.077666658452994,490.863860993089
414,2,1,0.8316484855276303,0.44526355965460007,0.2933485309680127,0.09399664302728972,14.650273412593348,25.61046412024079,79.707062779855,25.748630547713198,484.58627717205246
415,2,0,0.6828308414641759,0.31256292485959136,0.04471696118103847,-0.4,12.695085887407352,19.460741231528488,87.34185363826577,27.384292037837707,401.5797229608611
416,2,0,0.8734326400803561,0.46513064056267756,0.2910892556690972,0.07701666200719692,10.538152872560943,18.692859236665818,28.169479600631494,26.408849995047227,366.4569902124066
417,2,1,0.7904407481330303,0.37956273099449966,0.18097983051147712,-0.2249643896656835,11.331229076218122,25.17707749899521,56.687995244308134,25.47384419558764,452.9055217954967
418,2,0,0.8307177615269512,0.4051196575011945,0.22519240380072128,-0.14014506600572152,14.727458674199228,20.198724598547876,54.01932364725583,25.253764420462954,495.7362857276758
419,2,0,0.8027015975565436,0.4017029681616095,0.21236572147849092,-0.1199458195088052,13.33545022885899,18.268228052031056,36.6637372834436,25.37280251144342,353.7197627092885
420,1,0,0.7842283740026265,0.37276636720875456,0.16744145059475718,-0.2331310548255621,11.119943585216577,16.898497916055657,17.6508801447535,25.5122743903344,334.80938538349983
421,2,1,0.830642457097453,0.4532776581012824,0.2942337681032657,0.10727212805732723,12.041152618458472,24.90655637429436,55.984806117141424,25.499624671197246,477.4318272878337
422,3,0,0.8053635365424374,0.40119433598528637,0.21360602078387242,-0.12277656589080677,12.942697279536725,20.837525093243567,90.42835942244788,25.964184731478507,467.2794563620023
423,3,1,0.7937889417572277,0.3934503069446553,0.19896012709136274,-0.16847134011747533,11.600752155553074,24.11168734701939,52.99536458803062,25.697584582179683,461.0477202079647
424,3,1,0.8377087184693637,0.45743760795690414,0.2923150370930055,0.11048413574579499,14.414439295117903,22.461351027861983,19.620157423753763,26.28521180124047,502.78511292616554
425,2,1,0.8511746120475305,0.4645747027175432,0.28568346639568704,0.09139550304095882,12.239823815455185,24.002324932189204,58.6318722150442,25.555513426424096,491.91653467138855
426,2,0,0.7693664094607575,0.3846041960629418,0.18780684881220208,-0.1712177768051449,14.572141637175934,17.820840160940886,23.453150785219208,25.87028471080103,348.17797705273983
427,1,0,0.8523493415943234,0.4567172280827447,0.2967314243465865,0.10465692503841502,12.200979499262141,18.56291148815705,36.59032475377529,25.261166742309562,371.9643300337679
428,2,1,0.8017828358965325,0.39253746301112813,0.19609914888309912,-0.1404161719055157,15.114797962108495,23.59513069978644,29.759663041904503,26.018560518088606,588.4206952939155
429,2,1,0.8401447196433924,0.45631999973630266,0.29190125290494723,0.0795199311667238,11.86192655737049,23.71744964542855,43.3608339860695,25.708456640894916,519.072160404527
430,2,0,0.7422678326168098,0.3707080164214253,0.15568318571195994,-0.21666882521185382,14.211733605702303,17.510174380680947,20.184325438051204,25.94607285422028,310.30533299828727
431,2,0,0.6321663501332426,0.29135401307817005,0.013159464721526192,-0.4,13.201246926641165,19.657975776029588,73.37776924992151,27.48109048584281,345.21433002245647
432,3,0,0.7600230477323309,0.34064058964640337,0.08618560909295721,-0.4,10.824094945849879,18.40486934077551,75.95646672810953,27.55617162657699,426.1345158901832
433,3,0,0.8349575228611719,0.3665887172874626,0.11110657244384772,-0.4,11.880532080757058,18.292086758006242,40.02503434564918,27.438957457758182,348.82649143988726
434,1,0,0.696157231392253,0.32844807113227725,0.04844986596688891,-0.4,12.03169803743964,17.884742575634604,39.5159357454757,27.46558940995892,288.73692759834375
435,2,0,0.8627715606610596,0.4139074454224815,0.23074588721926145,-0.08859853202808551,13.609008737712871,18.338371739212686,39.7099366777152,25.83546111355314,370.7698374506463
436,1,1,0.8538452625637584,0.4616802730511068,0.2860620652750912,0.11027074353441847,15.518286380383987,24.294218237841605,31.473057586877083,26.260966662256656,637.1103130875968
437,3,0,0.844400079270597,0.46501966627995384,0.2870622327011806,0.09784009794698285,13.598752520275468,18.81674942329248,34.10332591712643,25.43879335910401,367.4022999182742
438,3,0,0.777459502977886,0.3892913404969459,0.1833388715151318,-0.20310992064604258,12.68738141409323,17.547769205812287,23.844350566655116,25.413101141182306,377.28170178218875
439,3,0,0.7920934143132019,0.39598714767532583,0.2033057556160555,-0.20161769407664565,13.91576342245834,18.30286597150527,32.86447070390506,25.644139048161897,348.54977213372223
440,2,1,0.7976725333532002,0.39760841428895727,0.19911800876302727,-0.1428033421338511,15.107036842205138,24.670239341219066,55.85284199370052,25.752028815641914,599.1788620510551
441,2,0,0.7148732605452282,0.32499434292556806,0.04468025254621288,-0.4,12.142901305626447,18.515559591023155,61.089432632687824,27.16194241657584,410.0730721959155
442,2,0,0.5570546198549774,0.26843210132974793,-0.02926903489250927,-0.4,7.843784076535024,19.352595275334746,92.71844425945163,28.123553227504694,239.23415721050398
443,1,0,0.8544643746413687,0.4568003507318784,0.28973456910120254,0.10967268191690598,10.710881029876873,18.611552974164365,45.22968320585479,25.649806433798396,373.22889981609694
444,3,1,0.7319448870547153,0.3624810711239634,0.1477886420813617,-0.2310042785345143,11.000607546420545,23.34752562643117,40.536720248604674,25.712245826777792,436.50067002645125
445,3,1,0.8458485427930605,0.4568713387859189,0.2874843880437177,0.08244719705981918,16.162235480317577,25.93299188783734,73.99123587442138,25.55691582867682,637.942949968347
446,2,0,0.8579659950278691,0.4600979473479486,0.2751925622527397,0.08643481922795365,14.587433636992357,17.727060170766713,19.464889822697963,25.25433611755164,361.5410686090769
447,1,1,0.8250498442573058,0.4482196038645987,0.2946815921598166,0.0992600574170927,12.964867576360266,24.326967022099538,41.74765014795213,26.006841595510007,501.7165138697551
448,2,1,0.8396794417961917,0.454140972262923,0.29151923732932483,0.08652049373079151,15.919229119295615,24.359931932105884,60.250547139913174,25.837697584131654,624.9511402060533
449,2,0,0.8647076892244492,0.4650408506774551,0.2909716825664448,0.09561107331805133,15.22342652666989,18.64867117252516,30.367677893695376,25.49232258967668,457.18354046861685
450,2,1,0.8332195445561543,0.4181512475476655,0.23298693765349446,-0.09522025598863479,13.476567371593786,25.166814616291,64.4622401727237,25.685034968727486,494.9439794264355
451,2,1,0.7626517125660593,0.3334928869573196,0.08107699392514353,-0.4,12.693932987629186,23.336096369650853,43.50524629233099,27.565006338986883,432.3202929698064
452,2,0,0.7715356789207971,0.3863571458638055,0.16497419784090334,-0.2146160235359784,13.395977755966065,18.977615684626848,53.01839866133251,25.52467656785945,455.94106365404724
453,1,0,0.8105752104059142,0.3554540182324007,0.11063994340972802,-0.4,10.623404116574719,18.375598853590056,52.190239002361444,26.960543221905862,439.43486624008165
454,3,0,0.8363432214624498,0.4541469794062808,0.2885495863375062,0.08964090846003998,14.019130728302454,21.095068795639133,75.76510157332778,25.298140428138108,493.1000520728207
455,1,0,0.7419125717068665,0.35854257786036114,0.1477466865056371,-0.27576089727095693,14.394363272078028,20.546284304824,76.09401967752594,25.60957215752564,457.88868892419737
456,2,1,0.7918910995821637,0.3616187879575483,0.10762628866838449,-0.4,14.027947490614986,23.24222499386076,44.047705159165794,26.67155506454613,464.9217881600643
457,1,0,0.8366155718336498,0.4560922221787318,0.28877303175905705,0.09125640980799543,13.4499155278156,17.411923215733804,17.889132352643212,25.225960108701862,381.79764493777867
458,1,1,0.8448578194970003,0.4058237703433695,0.21638875764670176,-0.14286845917712482,13.992048892671134,23.10505346157078,11.628141839638461,25.43908018301641,468.26485321869154
459,2,0,0.6882571919821091,0.3153993702715859,0.05094241666713195,-0.4,12.66126129203631,19.734716001542463,79.25025761472888,27.26832599805179,404.29077441109234
460,2,1,0.8119642354683334,0.3977619445845693,0.2170372135755248,-0.11632227877126292,13.44607257298507,24.373383291284608,54.60346886079185,25.869862170547215,472.39748252656995
461,1,1,0.8558086098397298,0.4638801743909148,0.2922347647344749,0.07798722119959839,15.225801298732124,24.828490634260547,43.914703974421315,24.838346068084483,629.2546694051508
462,2,0,0.8568592949689557,0.4527377728014444,0.29144115861170966,0.06926793211780538,13.379051140226881,20.322851727435072,67.10056056284809,25.728122266498538,501.64845570421596
463,2,0,0.8360204103363404,0.3620690974809398,0.11317346303862845,-0.4,14.539868489330694,18.168409308953336,38.00467152708461,27.152272792541822,321.74799944600574
464,1,1,0.7909114324827416,0.40835978180858995,0.21092555865519938,-0.15120970561336194,14.957698091769604,25.222876135805784,53.12277487265202,25.784499052867915,494.5150788878557
465,3,1,0.7601794552885399,0.34085044976974416,0.0835152257383395,-0.4,13.435939752091716,24.612134764894535,70.15143628186632,26.670771855144913,447.46797118875594
466,3,1,0.8482666947573799,0.46199801411661223,0.2938277295292767,0.08555343268902423,14.595596627393157,24.30610656504232,57.66716210696652,25.53160279419627,478.8473079461951
467,1,0,0.9005962284983035,0.46681340989175596,0.2982276863220283,0.10320474329578237,15.152962484427018,19.603796126612345,60.67206683592594,25.932861064269094,653.3967948291256
468,3,1,0.8510903606370652,0.44982342454459845,0.28955453408505843,0.06511802679967767,15.226474801591484,24.14505865563566,41.986774123013575,25.223607934546585,637.675059908479
469,2,0,0.7770711726679258,0.34948389940135477,0.07803425454898427,-0.4,12.002737315337459,18.300685219269262,25.084981654399254,27.076446851504308,316.2917492507735
470,1,1,0.5549428003258238,0.26867716632698374,-0.026129906509746337,-0.4,13.99374438832649,23.961822798106123,74.84475276928391,27.64167410034458,296.0258677019157
471,2,0,0.8477972235264128,0.4565393774950687,0.28565417735058685,0.06652846834870679,11.725278599993402,19.786590877868868,60.961551293140204,25.668432479559964,495.0761152911276
472,3,0,0.8205039534650356,0.39500397267909854,0.20299356388628714,-0.1731132645088114,12.263701690744137,17.734821881803825,32.36909601102453,26.094390549128114,348.35143506591976
473,1,1,0.8032126707411218,0.393711667404157,0.19136735221752615,-0.16512246255773272,15.123844854017793,23.803272184939594,29.07421441785115,25.584803641375352,579.8547907280578
474,3,0,0.8675360016462442,0.4577055377208488,0.2946929883549365,0.09189871223688108,14.661977227800449,19.19751612801044,42.05776020259479,25.622860560112382,372.37313921088463
475,2,0,0.8572689598226211,0.4615228751951544,0.2999267392978179,0.10525370885052485,13.81255964292619,19.04658049342529,44.86274250618525,25.266973198295226,393.36452982932843
476,1,1,0.7357217849442451,0.36057435072793714,0.14484372881457647,-0.25837678499580874,14.578382934825001,23.156513974189476,31.88327836976276,25.845185212933064,402.4472383892931
477,1,1,0.8242677911318584,0.45517707456619655,0.28484735954273327,0.07511100992776146,12.456405715118251,23.97562068463065,44.15367560539648,25.731185985820144,518.9799774911673
478,2,1,0.8630187335017601,0.4531145544676913,0.29293850762488505,0.09706375151896689,13.251770131732195,24.544416166925572,42.60849583480846,25.362542117924683,503.8217066745742
479,1,0,0.8221996948791415,0.3557821538469792,0.10771114472032968,-0.4,10.093424342069763,16.99014100956336,18.13935124154726,27.120808017717348,362.83710659187955
480,1,0,0.7652081196023053,0.3809446064152622,0.1700222612706539,-0.2249167130327534,11.870276508798925,18.516419427052767,32.70713715878762,25.940123536439735,345.0385311818251
481,1,1,0.7963485396194026,0.39485944587308974,0.20151292676497876,-0.1444950712124166,12.755904712665458,24.399033769021017,57.67978095716798,26.072918496166483,462.18263681485024
482,2,1,0.7923801701697681,0.38953666575237544,0.1861105822741962,-0.13568508279303618,12.296815445400657,23.594124215857327,38.33397796751628,25.88886149001304,473.05162085545913
483,2,1,0.8245712464296482,0.4521150995105027,0.2864812563673987,0.10210821044438768,14.815970182990002,23.510776601163478,19.311341843380795,25.64364791489668,488.06599725590075
484,3,1,0.8353535373128268,0.45675782560013023,0.2855746966823817,0.1086238985199365,12.854474406450159,23.488506927586673,32.11570718414926,25.794068772266222,509.80611725516064
485,2,1,0.8600472700496632,0.45484798298634727,0.293871258284622,0.10931583243961934,14.196533931613885,24.752793307352608,57.57011285514719,25.52245939737514,516.9644829606848
486,3,1,0.8741401026564319,0.4504320365955123,0.30122106150769773,0.11263737940166621,14.046404175130649,24.903056132855603,43.97179534856039,25.352268716754395,510.3016176188427
487,2,1,0.835766816148356,0.4607948231762098,0.2924301473940811,0.08123992050369935,13.546951184471439,23.862847659141604,32.17026628313899,25.553693848818547,514.3379667249001
488,2,0,0.8501588489255237,0.453980730931869,0.2860665547636215,0.08641883612201992,13.81965966712396,19.077747678652713,38.365750876355925,25.74308495382352,362.63844066670475
489,1,1,0.49655563303123906,0.23911297932358916,-0.06617732042883759,-0.4,12.28899400886587,22.22510536391795,35.04791195499887,28.550240159985712,273.46129030085166
490,3,1,0.8332318824180844,0.4567505995938916,0.2897013271038013,0.09671416820049886,15.37161853646783,23.630564557064492,36.349665340422554,25.712028854482902,607.0310432101811
491,2,1,0.6027199033900695,0.2927278831594136,0.012635615438333369,-0.4,13.599185816386269,23.464372073184805,48.34070118479211,28.057526238698905,311.63800271818616
492,2,0,0.8438296803075805,0.45529786826585417,0.28835667944084575,0.11501948389564641,14.391934268787061,21.631209644396513,97.49289349696643,25.543277048321833,507.2932239868115
493,3,1,0.8351740136979399,0.3626276483187016,0.11501083171866736,-0.4,13.275045684517135,23.384032360023404,43.41080699572028,27.501979065686413,451.0753209335131
494,2,1,0.8441202735723508,0.4561490327844223,0.29376336313209966,0.09638463025317469,11.703042221732044,26.169931623263444,95.1178682638577,25.418758760631356,503.84325895309127
495,2,1,0.873266332854625,0.45457756663151494,0.2958403645424054,0.09737733881762554,16.09034555128123,25.00314000876406,47.51312763234919,25.26258915491035,647.0509754643272
496,2,1,0.83385939413099,0.4532621422471026,0.2906945321691622,0.10505758666156681,12.916802271774905,24.255995386561857,37.03601290158568,25.515360439497705,494.41387077029356
497,2,0,0.8394491311795603,0.45483780292212844,0.289754270894461,0.1011274164051825,13.500325715681122,18.18295520166185,36.35348245858213,25.958865207582466,361.9566754479883
498,3,1,0.8401800852661321,0.45947148325777426,0.2902172414061932,0.07778506792334423,12.391445527313016,23.866985189306675,40.26321856616347,25.789763149112666,468.9427514363396
499,2,1,0.8040213165258354,0.39806321235428976,0.20130801337799378,-0.14349036253598024,16.292661210855567,24.041355184058972,49.943276059780914,25.924410602166102,592.6295224868135
500,3,0,0.8595252607430357,0.46160523563550154,0.29043178500540845,0.08600961819745971,13.057952174302736,18.187369758871846,14.603936697570385,25.729669821542434,372.73021490052656
501,2,1,0.86040931824994,0.45853164015488784,0.29124095199019046,0.1120355078461907,16.470749414414872,24.43166491990913,50.30956468385529,24.966160460394565,623.1555551140689
502,2,0,0.7511697627660717,0.33588617720547265,0.074299888158784,-0.4,11.736665111033082,18.885129046441122,55.33052129402705,27.126762543848873,438.05894793186417
503,2,1,0.8650334006723199,0.4579558867825086,0.290369653905941,0.07738924950426421,13.888170284731434,24.381553674475697,52.63373850278398,25.462955187008813,512.3761304663724
504,1,1,0.7445634325269791,0.3653743171667692,0.14504655778251593,-0.23763928718105287,13.846421625374914,24.1143599768232,35.3536710268888,25.261028357081244,425.2551898393019
505,3,1,0.8385166790794324,0.3593522102088561,0.11182076311758538,-0.4,12.25320104979486,23.738900135521263,37.84605482567064,27.44790243641798,460.1923504493296
506,1,1,0.7580473309552163,0.33994080804048543,0.0726589373995683,-0.4,12.002508104296792,21.69865367387941,17.10863740432118,27.022106319070446,389.8021195038271
507,1,0,0.5140154487246642,0.24022601514986647,-0.0705835397018549,-0.4,12.831051458928625,17.398921658786115,49.4860676290528,28.05500964774268,177.7314558223306
508,1,0,0.7934241601269114,0.3945426622396571,0.19823186628865175,-0.1575809050373814,12.390694240439887,19.207616523107156,59.0475068636202,25.060902329565167,467.96055130860844
509,1,1,0.8395433688819445,0.416590258588052,0.21427052963090648,-0.14150638583296515,11.24169954846056,24.878712852463735,63.980247031130425,25.55792305470165,497.61641610118363
510,2,0,0.856615882375982,0.4605715743365419,0.288103924567056,0.0847607833918323,13.334548164573148,19.640721672210287,48.51609169296897,25.528940895421307,408.5287028521245
511,3,1,0.7544403241346355,0.3652035660857694,0.16995545205344342,-0.22047240500644355,14.92688450654433,24.42138700084595,68.80471218942094,26.331132538445274,456.86766915960413
512,2,1,0.7421337272677748,0.37013139226325414,0.16376050473341114,-0.20050381491140373,13.710736174337903,25.249395721475764,78.57942119212997,25.36824435540591,433.65790827283195
513,2,0,0.8402603223072577,0.4629027477635084,0.2875301062616607,0.0972283223594205,12.353897432214149,18.79689274207235,33.65145694128126,25.528061636027633,382.59626480256713
514,1,0,0.8256700449923278,0.4157191411266502,0.22521807344584693,-0.12266879418505292,11.757401664987073,16.991352064326797,18.839246515089865,25.95167028985487,353.6178726199213
515,1,1,0.7848681690306502,0.3940479949514131,0.19706528219524064,-0.15634744307774812,13.834825304500836,24.125755570214807,58.59871169848954,25.814236576894956,435.25050898553525
516,3,1,0.7902770191993105,0.3828894892905089,0.1895888988274524,-0.21385301242207133,13.87784030392642,23.957303342998948,79.27321623529778,25.569789431597115,449.74192890779983
517,2,1,0.87530321594363,0.4496336114562426,0.2943811383165924,0.09237504292887536,14.510851181498387,25.445450691474008,55.86518592848303,25.947799965527373,532.9371210018013
518,3,0,0.6983755689858092,0.30415206850312027,0.0450709380460589,-0.4,12.349348698904942,18.286332292884314,44.941871934286965,27.75891275763177,298.13394939037727
519,1,0,0.8544653016578194,0.452350108853655,0.3030168354253429,0.09803032864683943,15.184766371856547,20.991637236579567,75.65294691104403,25.717594396435693,626.7044972182537
520,2,0,0.8741204282386368,0.45271448314332047,0.2988609587043148,0.11255684957356299,14.76105239552767,20.76452150807376,60.60470602781733,25.685939072536122,511.53763837177246
521,2,0,0.6820868064353918,0.3171662915763062,0.039816516402539553,-0.4,11.83306932375483,17.288753737987072,48.41648134599069,27.58234691472854,272.6281315295255
522,2,1,0.8500295402692457,0.4080557981172322,0.22872451559585003,-0.11834064340981115,14.361198406878739,23.410052354100834,29.73144346333057,26.189623143731573,502.2066066200839
523,2,1,0.7319182434862677,0.3242622502170445,0.04152593639751156,-0.4,11.56367264298503,23.373719956061432,49.052230485955945,27.265824611833086,405.21144971278085
524,1,1,0.7786393714692825,0.38092109369843297,0.18093030499684487,-0.15694180353025367,11.714459246390476,22.321931548034954,27.192617272212686,25.684394849075108,467.99878193775066
525,2,1,0.8816660566829991,0.46341769010788125,0.29016921788662664,0.08563574989037374,14.116326209058403,25.49489813991038,73.6255694104012,25.860173142631293,527.723246574772
526,2,1,0.5825914322043519,0.2714856919670142,-0.023391823705160818,-0.4,11.810418525441396,23.027643443730046,54.310097217986126,27.884772697926763,325.9832693317044
527,2,1,0.7803843567666242,0.38022416431518286,0.18110567875713188,-0.20004542160686542,14.33103489104224,23.63081763385913,27.936944241121726,25.270405833056763,468.9519562038433
528,2,0,0.7512365802527802,0.3689760350003101,0.15582245410977494,-0.21751129031143435,14.557926859769244,17.383014416916648,10.400035679693206,25.093288279098402,312.01038245238374
529,3,0,0.6439601290012282,0.296682110501788,0.016719428556876283,-0.4,10.711767789998035,17.645860672781033,46.201869217344225,27.873810718045593,298.7989674744676
530,2,1,0.837621490154092,0.4557976927074474,0.2882946820653404,0.07397528704893352,14.173676362026093,24.44922488451522,42.137078988549334,25.79769073343677,508.7448892625131
531,3,1,0.8449982032723253,0.4572960098652258,0.2854613903817897,0.12484757895233585,17.44022151961921,24.91090824545615,62.75180262656353,25.51839283588236,632.427267767802
532,3,0,0.8590386524739605,0.45268978882725364,0.28487173047609277,0.04004946255797688,15.408962552256604,20.28767552483575,53.8894970679872,25.869322904581786,634.4613264160641
533,3,1,0.8690063243571104,0.459181663392674,0.29519117957749896,0.10246504930545089,14.647532898348803,26.48493435767113,101.71588845790384,25.380374500906427,511.27004307341315
534,2,0,0.8424870750094878,0.45273409962225647,0.29422323972242426,0.10244398731182042,11.882301406143345,20.347506643258367,72.79361075493979,25.498622645461943,481.5013860121938
535,1,1,0.8727099357193346,0.45413195627960184,0.2883894872424939,0.062082663969473706,15.913929944411386,24.47377248463827,53.01864094292836,25.2409795527708,648.4511502467483
536,2,1,0.6989594785812243,0.3122806666117657,0.04646840932490971,-0.4,13.244278792484533,23.4919948713389,61.12350268626652,27.670232419610027,373.29612710837085
537,3,0,0.8117929500469395,0.4071540782160408,0.20850218437744533,-0.12116312019093373,14.554534336454056,21.352654166697214,78.82034874731468,25.536632194195352,474.32271066090703
538,1,1,0.871438666817193,0.4520853305457743,0.2959004185884657,0.09072450212069227,14.734208993565055,23.051390094743763,23.005311662975846,25.399621094092637,503.086571772968
539,2,0,0.6176742132495548,0.27238993103816145,-0.027915650651105507,-0.4,10.840144820759392,16.36824820501824,9.549630017316467,27.245872633714946,265.9966036943245
540,2,0,0.7182797618570155,0.3559075458899361,0.14315376294873267,-0.23878520176675477,11.059511762019309,17.793021560710635,31.725142477074904,25.48481255993532,299.4445833347331
541,2,0,0.5747689372987513,0.27160423885874463,-0.024458571450798973,-0.4,12.477621565766885,19.618257567624003,78.53949747094141,27.900026939126356,330.8947475644144
542,1,1,0.8294740833023779,0.39663327134974113,0.1985612376179841,-0.1328419465605587,11.002406945520631,23.538489116262888,23.344182346962484,25.260354182501764,495.22455267958264
543,2,0,0.8406698820334535,0.4493740019566362,0.28860011088366866,0.10137346806997559,13.348485987864112,17.96524657710473,24.800983490505626,25.97956100454047,385.090467023908
544,1,1,0.7530969693409074,0.3709375128369691,0.16073481010475238,-0.20333989361224017,14.487822838939913,23.794411188120534,34.972242869292394,26.11813224389575,427.8368836135577
545,3,1,0.774718521603863,0.3877975701134179,0.18286528211229014,-0.15981222275894763,15.580341661193735,24.87310578903331,53.09038380958146,25.652381105449866,537.332736573981
546,2,1,0.8132957327091661,0.35910010116600677,0.1212596929867569,-0.4,15.425029617403503,24.2317067329132,44.28369458291447,26.939421200777964,574.0878943874194
547,3,0,0.8417740218624743,0.40957694154216223,0.21816358144519468,-0.13627167093960615,13.196828508493017,17.071188980105525,17.593151089282483,25.926040927008263,351.7675106235585
548,3,1,0.8462584190258641,0.4570175377739155,0.28782461864217584,0.08556544351854645,13.94230804260867,24.315978159473367,43.16492592101869,25.049959756946983,497.6093542666231
549,2,1,0.8580376071415585,0.4545576575480713,0.28949255086076986,0.10598052808828852,15.643171827729718,26.17782328482226,96.35496343531653,25.638990881597113,634.3403325243511
550,3,0,0.8254396954358426,0.4061897641002276,0.22873168996980703,-0.1134083787054409,13.802836304123494,19.164680609580277,37.84127037458078,25.70504743863661,366.552807638799
551,1,1,0.5053935540596568,0.2386327091669563,-0.06154337557995959,-0.4,11.463416540888751,22.965538390805527,49.30449734320656,27.957587103045114,272.99533010895146
552,2,1,0.7652674198397023,0.37380339067912516,0.166992105615405,-0.184273464193389,13.058514306131379,23.731626925708074,41.21930327068826,25.299615737092566,428.69186840972566
553,3,1,0.8408884032219989,0.4126936703820485,0.2303772469020089,-0.09505096431835885,9.533482732210997,23.499198272824394,45.9769142653099,25.936619589629363,364.6257211659422
554,3,1,0.7771353919998392,0.3722766612819262,0.16410997333740912,-0.19379531146006923,12.97723806238695,23.80677270207372,37.748288026265875,25.907770200490887,458.3336168490249
555,2,0,0.8011162683897213,0.34450779665366843,0.07705890839483683,-0.4,13.027942766609891,17.67835576000258,39.8347815606979,27.72778060063235,318.86592780176454
556,2,1,0.7904938438265265,0.3966238747654091,0.19683011717461346,-0.17356798658588501,12.315519847352096,23.50223876850681,50.38373063285956,25.944940298084976,443.73097611358713
557,3,0,0.6668568249323973,0.2968579659013838,0.0082354904625011,-0.4,12.537570306308368,17.179848190451967,30.723188002346436,27.858404113257286,285.0272787672684
558,3,1,0.8340821346733367,0.45467950718214817,0.2857658083183814,0.09951948437703977,16.868869038567684,24.183535068438285,45.01573950590892,25.546793161682878,629.0151047410768
559,2,1,0.5654773938765104,0.2686304902885143,-0.030209746179048275,-0.4,12.30684927112615,25.851746768639167,111.23797297613527,27.2101579724527,306.91591808103504
560,2,1,0.8394790828186588,0.4537907814084872,0.29805480712134413,0.10997480260688251,13.802936577582365,25.046479919123655,57.82781252740794,25.65498412820231,490.915306013141
561,2,0,0.819744049132734,0.4522879296967144,0.2852258354169359,0.09415532575977022,14.092707930281701,19.03083147946232,36.75796091285513,25.75041943760224,363.9531451965302
562,1,1,0.8322530733779361,0.4506853245286474,0.2938762089729089,0.07338697221460913,13.002670587809192,25.087191948236555,80.99883284371538,25.90799269631457,518.9765372003206
563,2,0,0.7188352724362599,0.3196783660025034,0.04690765682437674,-0.4,10.8904463643562,17.13826734529372,24.13668591675283,27.694887887656257,277.3851630332282
564,2,1,0.8493860666179047,0.4610687922070923,0.29162001830567436,0.09073335602877904,14.01077139725681,23.5908068313594,31.190821140723376,25.422513513916645,517.5825523928811
565,2,0,0.8624989344437078,0.4665953157384341,0.2970821688458995,0.09929900048662255,14.575965128678991,19.966855994758724,50.653887470155325,26.09457739582004,498.70607577573185
566,1,0,0.5247983717573906,0.24367416713946105,-0.06468661669464115,-0.4,12.667588084870799,19.618338902027727,87.45762212071624,28.05353062893176,277.12770603088484
567,3,0,0.7398167521573528,0.3680028172293648,0.1440120134756003,-0.24721257881761305,14.520300970212348,17.6270726537614,26.329920207658855,25.582529877521903,316.95570686774465
568,3,1,0.8867566916732673,0.45663626837659227,0.2869755647549219,0.08637396942939253,14.335853033190691,24.61041888698407,37.207490114102875,25.588767735740028,518.5830643257834
569,3,1,0.8195512225347711,0.40245303484653283,0.2139076709233539,-0.1569085881411186,12.263321486361534,24.097706501950714,21.204610926924193,26.048671068618898,465.3927957482306
570,1,0,0.855045682491993,0.4673156581464394,0.2931172609206396,0.077774642950675,13.142463193847348,18.39484852435883,23.114095569691116,25.326218615574444,369.1279596312005
571,2,0,0.8506376220893329,0.4572006525737372,0.28719608638115146,0.07568620206366032,14.328667559944856,18.713600420460303,34.38119330818046,25.038922603643133,364.78066715531855
572,3,1,0.8483427061598843,0.4573713724218277,0.2894908685171923,0.10878341290596504,14.710901261247159,23.749605152295366,20.576950123373905,25.21223351398328,492.733496033769
573,1,1,0.8662465082128203,0.45732143898351507,0.2918794776579309,0.08345065667572307,13.475356409684595,22.36844738792496,23.65962912310149,26.25360288256062,500.2045674216082
574,2,0,0.7519984282354026,0.36271786006530377,0.1436109784891464,-0.24717658472619256,12.338561445339101,17.385489179147005,31.75787745862839,26.155889851407483,345.6314832812049
575,1,1,0.7552472379558213,0.37629927774080685,0.16833391720515445,-0.21212623872758687,14.799689559403395,24.032963608832034,48.51612459068363,25.678540689313877,426.28117563600165
576,3,1,0.8528157757680844,0.4572187002054561,0.2945094975606921,0.09762366027898765,14.279793025005791,25.991751431236093,78.30458205086751,25.33703247647077,508.920731789962
577,2,0,0.8366409114561851,0.452729749570417,0.2943269162264679,0.11847084754823571,12.586478266006635,17.84202434330941,12.806785298934708,25.746457182644498,378.3581977361974
578,3,1,0.7158116517716778,0.3588765402979048,0.14319095616650065,-0.22540433584277977,13.876621848436523,23.438900686932353,35.04316301756613,25.793697261085498,428.53708792549946
579,1,0,0.8208606530659442,0.38935091599066307,0.17661338285057868,-0.17934822200619868,14.079739105604148,17.948854137248592,31.583756874403353,25.91212541061081,336.48527282022866
580,2,1,0.7503393455786286,0.34191534617925734,0.08053700793548402,-0.4,13.000558756361086,22.806170924174985,34.02420310509929,27.202296171759826,411.37194208071156
581,2,0,0.8612760720214864,0.455719126966446,0.2987170400912391,0.1135712548441066,13.40727572607752,19.537822809486794,44.65924028518847,25.509509653003033,374.9208748810319
582,2,1,0.8178024536469096,0.40682326584638845,0.2342567496976576,-0.07896242923809577,13.906520962441675,23.90527948101756,43.47974469343851,25.363724648346228,470.8164549747543
583,3,1,0.8492505765001211,0.4620028271548109,0.2905285694054226,0.11401710377059313,12.233901016498855,23.765178096918415,46.436733792493094,26.08114425512157,520.6444170776007
584,3,1,0.8399621114424034,0.40834436025473037,0.21793252141279584,-0.12772607211783715,14.163935369590439,23.766076676116207,49.10468198905567,25.93560145252036,511.3903308837915
585,3,0,0.7691595229208119,0.38943479872002645,0.17556538512409703,-0.18517007671036567,11.63398700441494,17.734874765013398,42.34814278403225,25.46261248372759,342.5730828332095
586,2,0,0.8723390465485962,0.45988883958417126,0.29100718999797376,0.09221537534193441,12.607402241571224,18.687564959007013,52.63162519416337,25.43871494432308,510.91472719854227
587,1,0,0.869403374170633,0.44864397499658903,0.3006855329363173,0.09920507864472435,14.831514040301956,18.783424999121586,19.088694102131942,25.906214691880507,382.4804641345189
588,2,1,0.8290266952473424,0.41566177454127234,0.22549431987306492,-0.10675572692186674,15.081062642023094,24.951963529998412,85.32903847874357,25.6939392879054,613.9091042892355
589,1,0,0.807210069049903,0.35174098921119235,0.10559162345013451,-0.4,12.387367159623983,19.2727192383762,50.80166614307016,27.026536420363517,445.81890861281676
590,3,1,0.8317993577709792,0.4549534660513461,0.29252277773680974,0.08478923933136082,14.30516838151765,24.66020130081528,64.26707483744364,25.720549735066527,497.5030270394952
591,2,1,0.8279624113668536,0.45353310932782354,0.2918336671264826,0.07749116715563248,10.868900890256741,22.685585095877187,20.583986520745007,26.164639789547515,479.96190466362907
592,1,0,0.5708590861763945,0.2735786339654809,-0.02735071896828032,-0.4,10.891183454837504,18.618820734657586,101.63496399402227,27.80777725500401,323.74994044876104
593,3,1,0.5797812367433064,0.26267793837435427,-0.027618545779519665,-0.4,11.815878961216796,23.10392402144145,53.994471563705055,28.520022478200133,303.7192912076222
594,2,1,0.7482557463307954,0.3696592103842201,0.1613176858134314,-0.2481194205011097,15.304129102740706,24.20603904101973,29.43644200639452,26.08517135940006,531.1286948712043
595,3,0,0.8293099307434842,0.4598483862956234,0.29085607612707254,0.10005971691022093,13.202201903888902,18.541574039819128,45.215547434127906,25.614871590998355,381.2885750919135
596,2,0,0.8559772067438367,0.41196162222302773,0.23058873638291216,-0.09382027735550574,14.459023866867714,18.88064789584391,25.34221462813052,25.580383000993727,348.1940945280417
597,3,0,0.8397444146283739,0.4559608591180434,0.2859801284096732,0.1180925587719924,11.88882797735966,19.310630228698507,41.95455816129755,25.174740665325032,343.382890840243
598,2,1,0.570410199386091,0.2761014097199844,-0.036254672600633156,-0.4,11.328778618784073,22.310938895430887,37.875722707974255,28.26344596281652,309.25899612038097
599,1,1,0.738553438431837,0.36329154981887335,0.14638568245424105,-0.2505472152616277,12.08133674106871,22.85213463909724,35.56121054211394,25.974983862354787,404.4473950196705
600,2,1,0.5096019487167921,0.23700662093630925,-0.0659956520859191,-0.4,10.07502851095694,22.33728778603533,39.88850187766923,27.94147606301807,259.76649877300673
601,3,0,0.8596961686408475,0.4676189470740445,0.29059833285891334,0.09776824654462428,14.061891598359365,18.69346331070182,37.10661034103945,25.252504774081807,394.1047538316417
602,3,1,0.8972856523221439,0.4626348663787672,0.2948166368546094,0.09622784242084678,12.386328892747775,24.90016867884036,68.60045265606745,25.606021987421787,522.9261004014995
603,1,0,0.7970058922382219,0.39825993632055195,0.19473230540554892,-0.16146823739779323,14.507563263013601,19.45477323729252,50.59966986280978,25.510435889514987,462.3623486318138
604,1,1,0.6521017210306186,0.2994753736193448,0.015580019714362259,-0.4,9.816226203007565,23.340200917937153,54.03261742757874,27.85216781280866,252.39675107824334
605,2,1,0.8478932776612098,0.458291016861508,0.2796438042504744,0.07611770892072875,12.660903446695645,23.425051785680708,24.83841749504913,25.759600533220492,495.8129582190587
606,3,1,0.8413313856223616,0.45978454896439136,0.29703540538810713,0.10965748818111808,13.906111537296916,26.46732919081693,101.40367535347195,25.628481768557187,507.47158227749696
607,2,0,0.7597800768816728,0.36640751060031057,0.1693703261649518,-0.20343423305621275,9.180994066287505,18.701040603489837,37.960974791175595,25.329754772015683,261.213559774949
608,3,0,0.8580261620136934,0.46057055512664713,0.29496256094847606,0.0929988344134864,13.244016166483462,18.25624242103791,37.3616239563971,25.742490436802086,379.8682969114154
609,2,1,0.5478562868000315,0.2677257160262756,-0.018319623702758036,-0.4,13.624847119834897,23.72869319426326,67.36252460772833,27.726789724222535,295.9192026455414
610,1,1,0.8188501804170386,0.4073265995434642,0.21056542253408753,-0.1375773565778618,13.581525127013526,23.924053464283624,37.08601234085593,26.04073364195937,486.003539908483
611,2,1,0.7855208154900648,0.39667350065119134,0.20119253022295197,-0.14517758133703862,13.109832676594902,25.214932586124952,71.16406052853274,25.857804614308485,440.41639908379176
612,1,1,0.80570908307451,0.395709986907849,0.19919994216723252,-0.17557542600983556,13.610961631203601,23.00207179623649,24.173052745330057,26.037679141541833,465.1771573002018
613,1,0,0.8516682561210949,0.4165607591368287,0.2274081400335573,-0.09507620718409221,13.102347703268357,17.851679448985614,14.775829525473126,25.90358895411877,375.8844430469081
614,2,1,0.7703314685090289,0.36958543491831075,0.16148338873252993,-0.2226053778473243,14.158741396708141,23.559631705403362,52.25931019781225,26.14229183162569,451.72688104462145
615,3,1,0.8407640312144314,0.45778966885979705,0.29465005050657506,0.09956737468587394,14.315890977495977,24.761813291241435,43.7424570990173,25.405611940920675,506.321360518218
616,3,1,0.8371783729010266,0.4561407498535456,0.2964863229025776,0.09953524289249267,12.768450496477406,23.553432580222093,31.284350405787627,25.17615502841647,511.8864620632539
617,2,1,0.7921818705890635,0.40744635553706593,0.21700452405332477,-0.13856800410255282,15.050572631740202,23.447753740517722,8.562112811970461,25.173720517193377,572.0908150928336
618,2,1,0.8113222780635341,0.38541550529368357,0.1837778293327922,-0.1676526773021619,14.751381752706129,24.779303182262986,72.25384349895768,26.14326370703542,458.5947232259707
619,2,1,0.8041723849560499,0.3612118263158167,0.11142434481932442,-0.4,11.61290620018244,22.793151020354518,33.25611564554534,27.23962041226927,433.797317816753
620,1,1,0.8499153880644323,0.4148558299797217,0.23403971910119528,-0.14684101428542717,12.634705012540755,23.933368245143274,61.27586911921475,25.673009286782598,506.632918275042
621,1,0,0.783771287438985,0.3820721237176369,0.17902099567832463,-0.19721211436698358,14.214597278280277,20.393739535058124,94.16146346442166,25.21020728593485,431.07461318125587
622,2,0,0.8874843781208754,0.4637366810933433,0.29154155787530417,0.09956921251343032,13.312277794949086,20.179525534084533,76.68554058862293,25.612164116438983,504.07943998906813
623,2,0,0.7899360364331611,0.38784644835373017,0.18476666801906094,-0.20812284080683108,13.467788300815993,17.569934893591128,20.102778897928676,25.953529351114533,346.6438584918609
624,1,1,0.8301624868328301,0.4513205359043127,0.29371056905460335,0.08352543224765893,15.165782595439218,23.745067040578977,14.99320659976372,25.8297583411459,625.6272194817839
625,1,1,0.8603527863405119,0.46010290205890814,0.2853947827458784,0.08206378451280949,14.825450160785286,24.089952122324114,25.298630991303614,26.01032729547081,533.0542146067781
626,2,0,0.7555047101712248,0.3850890563856885,0.18446737505312008,-0.18983557248756852,14.275567167452245,20.073955207168275,84.11021848600227,25.762891648260982,409.8681354979482
627,2,1,0.8459908491163552,0.45872232920927214,0.28828074780187257,0.09799557186013425,14.726769218930778,24.23674397145738,29.046461389712633,26.061672459091472,483.00904462262713
628,3,1,0.8487170329799267,0.412366147174846,0.22891408419832443,-0.09515558744306796,12.415344109284533,22.886933975573164,20.061353343056226,25.338259689492425,524.9354408504241
629,2,1,0.8383459457436244,0.4637853516239101,0.29308182766103497,0.07857395536474268,15.848750542771782,24.020377252176235,44.430815359413906,25.707748397039474,621.6402273255943
630,2,1,0.8455621586902929,0.4637571226832404,0.2922888151204656,0.10866513369328229,13.256055513822512,25.013764236856748,48.13802915765559,25.640684654087956,492.7075378768596
631,2,0,0.7931773934997641,0.40378958367184226,0.21424581832812306,-0.13596063145868234,9.785460635577643,18.329224052558953,29.991419165099714,25.14933923222182,250.00617796523437
632,3,1,0.8230365229116818,0.406008754226559,0.2138835927279139,-0.136598585474163,15.925440418473464,24.742408059205786,88.59598027374794,26.10469764295692,590.0966151531088
633,3,1,0.9065330784051369,0.4617610898845161,0.2963016613680122,0.07426288867371002,14.85249163938541,25.181411010040698,57.55014774055496,25.2295693525271,555.1638414678009
634,2,1,0.8306172339987407,0.45359736217465274,0.2877403017001176,0.0962145167992437,14.573277174379193,23.044681021100725,4.6093059682870345,25.542204213791155,501.0357667227528
635,3,0,0.7852300409901396,0.3943699369025041,0.20496502366362365,-0.1609100270453983,12.721970684824164,18.57061941622043,40.419809456759864,25.518880321991404,341.36359066997363
636,1,1,0.8557944789613907,0.45608334487881985,0.29152216060116004,0.09986868197791071,15.027792202547953,24.12281716104939,32.73739265785938,25.922957313968976,620.0319129654492
637,2,1,0.8352140887183582,0.46802350848283203,0.2914992430761047,0.10845430588090582,14.524215065762634,23.214340652031442,36.54665859743539,24.893107673199978,482.40831258690787
638,2,0,0.8252042028859153,0.41808227241230034,0.23383532210341737,-0.09215640791358412,14.799077646251511,20.499663890358732,68.26389290674497,24.9365769857196,484.28532109939994
639,1,1,0.8553860199613132,0.46087359590425747,0.29087656016803976,0.08582079012233938,10.71049310186776,25.151434677601465,82.3365797477194,25.466919721940407,506.3861996772854
640,2,0,0.8430371090170458,0.45294813501655307,0.2853899876720252,0.0943459085268539,12.985001936958318,20.526969715556287,74.82124177756378,25.606605502671965,503.6287446902885
641,3,0,0.7319039899749802,0.35938494934648735,0.14165339156449958,-0.23738695967710383,10.588305758958255,17.604024162022405,27.377885664774677,25.660423174396744,290.82355060791633
642,1,1,0.7864984640203732,0.3904381736376522,0.1785866832544985,-0.19067010605864665,12.570276297526647,23.78017760673713,39.56501704580881,25.95460091361783,450.5540917327145
643,3,0,0.7697387128760305,0.3818421792726007,0.16981793457716915,-0.2235112212905354,14.237908149043813,19.621897454360166,56.38613391791074,25.591746847037562,442.2923840704671
644,2,1,0.8142594652931812,0.36093613110102,0.11707264596120126,-0.4,13.426836757477856,24.108875453855084,81.34517678373653,27.233996446624538,448.15161813067056
645,2,0,0.8723826885084439,0.4584321166310752,0.2963174281036001,0.12394865924788451,13.604519147238214,18.548579364120673,27.66266396583332,25.92000215430919,397.93710899937554
646,3,1,0.8581045923460152,0.4564238520465131,0.29330326896994124,0.10326233117956234,12.643256091667345,25.719604941081275,89.64975228323517,25.60393084383915,503.88163243424486
647,2,1,0.8506069978955999,0.3625549275968019,0.1115131803544521,-0.4,15.321149684426725,25.04290173333099,60.31020372931067,26.565739914304878,595.6009841272312
648,2,0,0.7591419130085149,0.3723890618823166,0.16756839455689884,-0.20685472634544194,11.82290192616929,18.1438930798044,32.40036246405902,25.792051830099147,332.4328221387098
649,2,1,0.833508911578868,0.4629714863743934,0.29332504289412353,0.10087564056338033,10.473433148961949,24.911237658551123,70.46794382009315,25.397739709973212,486.892707413236
650,1,1,0.7841311882378728,0.38581049187383176,0.1772725517235842,-0.1820082797292463,11.534620918955076,22.31040924583545,25.95997149186259,25.241809423749892,481.78504265333015
651,2,1,0.726415781182693,0.3600602463056203,0.1468497695006601,-0.2344486171892048,12.74124225795728,23.073862484049407,29.276689847938112,25.949634721139255,417.8372858308253
652,2,1,0.7858729445339679,0.38167998932741,0.18010031375064336,-0.21375256586563696,13.216409726037384,24.162156459545717,60.086625575183405,25.477674324492188,455.7301319965966
653,2,0,0.4955248680164419,0.23614388932662522,-0.06436822205286641,-0.4,11.421681415489616,18.468912358673272,59.35594484526837,28.108330303666815,268.0625192639741
654,3,1,0.8525645840861943,0.4499765195534236,0.2900870382436429,0.09297237284051918,13.497516230822901,23.72681677805101,27.121142770079505,25.629543452893188,508.1454909658466
655,1,0,0.7993496737845575,0.41220700731440385,0.22136738730358424,-0.14020639635125806,14.985477448175166,18.961126796080997,31.799281982946418,25.483852386870357,321.5925298162623
656,2,1,0.8393646798330139,0.4168093714695506,0.2246925253097234,-0.09108864385422777,15.90261360769657,24.514474386713893,44.44888788777081,25.69587420998609,588.9903905410578
657,2,1,0.8404892464511854,0.463838972448682,0.29976969098023465,0.10820363628168743,14.96140190947844,23.577378032377897,21.24345345300642,25.77859007461376,498.6422625438708
658,1,1,0.8849304046868259,0.46401766959280694,0.28480044292625034,0.11134093121105955,14.617004093922443,23.961656232425486,34.03131829136563,25.95546754678444,521.5326433000478
659,2,0,0.831858944444719,0.442568676117046,0.2898570393440649,0.07668505573736759,12.133952209779716,19.658667743628943,58.44627753433317,26.03300180558681,493.5898276045499
660,1,1,0.8660523639861305,0.45852352077863506,0.2881463816832085,0.09015805492522463,14.20970897556526,22.42181125344302,14.765653836481142,25.697426538187052,509.7636894970824
661,3,0,0.7728207368145725,0.3370568166458712,0.08691370491327007,-0.4,12.813370630930745,18.804496453242724,50.13055180469573,26.985770169207875,396.89066100177314
662,2,1,0.5393909292016282,0.26704875903300507,-0.025493637278966454,-0.4,11.335371738200818,23.497566376356854,58.016063642366,27.99172449343315,294.8019913652375
663,1,0,0.8591432892202489,0.46249454305806187,0.29005118625132364,0.0994202666730281,13.819162194731794,18.28466061487941,20.926961958182073,25.58074489570185,399.8685845907566
664,1,0,0.8474132889989895,0.4559284966073536,0.29126429070935905,0.09696271218785149,12.257016550003648,19.64349902879433,40.541843926596684,25.80482154234946,364.888362509785
665,3,1,0.8707784042046306,0.4617400654947107,0.29149164461005406,0.0920510534739426,12.60574298114949,24.088326569790247,47.49606518154885,25.08970066558316,506.0792484924288
666,1,0,0.8737686835792549,0.41692380527426576,0.22757120723217464,-0.055194605713786565,12.890162060022098,18.57049432555747,30.838648306521186,26.23025515632371,396.95554907543067
667,2,0,0.8546691207957255,0.4525679177214713,0.28024587209374435,0.08197587406181488,13.28838645311902,18.826877390031566,44.80027959919708,25.556640782181496,382.46931672393157
668,2,0,0.7521514183831776,0.362520410305463,0.14389214683781132,-0.24967153147995175,12.518774539535926,17.706882811623764,28.881657841936374,25.498209177834717,310.6368748178319
669,1,0,0.7935340412443066,0.345501431109352,0.08077829620032047,-0.4,14.238366942297324,18.375675524337368,50.20288788590142,27.10025157683067,440.8999361725698
670,3,0,0.872776474848734,0.45586335176633924,0.295504824165178,0.1008898794343183,15.14502561189124,19.554696549447307,34.80785247742312,25.52343216671969,504.4665696165062
671,2,1,0.846272143268496,0.45132656540710175,0.2932967003259428,0.11479954617618517,13.164735851158294,25.486478732188306,69.145892513093,25.58659899875008,488.5698589176855
672,2,1,0.4935642560039709,0.23863016154843378,-0.06445044688146388,-0.4,11.50687873208272,24.65764252296563,99.73817157874059,27.57318020326706,275.2016640313631
673,3,1,0.8240043505559151,0.3989689849862284,0.1901734992934854,-0.20322471259845953,14.247750507398266,24.883844137675073,72.84585035851003,25.9387655804242,470.6629529412415
674,3,1,0.5162122374456792,0.2400019068087585,-0.06315178349059837,-0.4,14.397568834512004,23.465400121572696,46.061440177795255,28.09974809455904,273.0195822432818
675,2,0,0.8321824511763867,0.4500840822983772,0.29015529411870156,0.07029077161130722,14.448549485398466,18.662572462210736,32.96932784810646,25.48856424067997,383.64212289002126
676,2,0,0.8675924793928359,0.40983223021327797,0.2083720300969099,-0.11444170676601198,13.165840556408765,18.728877940675734,56.165828483860494,25.613169787009475,482.7672251604717
677,1,1,0.8074756837294048,0.35947933292311324,0.10449154032096461,-0.4,14.880701533014474,24.6261331995788,70.48151142320772,26.82844656767772,445.2853947533127
678,2,0,0.7617251547053667,0.39120770595709686,0.2066821842338999,-0.17634034612780558,14.759335109498622,19.19032450840212,52.178287119201805,25.480697944380974,444.7540206807396
679,2,1,0.7434604996311499,0.3628248670057506,0.13951558723155572,-0.26460865129582145,12.816585106391917,22.63292567495136,30.351909192296148,25.117796217448635,426.79205308982927
680,2,1,0.8402285298244668,0.41241454493537455,0.22990037563151094,-0.12626184230149662,13.174764875186403,23.785612117713946,45.88918729358545,26.290092008406468,512.7040344613144
681,3,1,0.7602348798090075,0.3429620842705962,0.09297505411970478,-0.4,15.174504974482783,23.862735550998572,54.192444880557154,27.690678361203243,517.7360338601715
682,1,1,0.756449649577077,0.3625233125709769,0.1422617650389923,-0.22520217393494732,15.131941954497368,23.548373004840666,23.450077204270446,25.695369492524993,571.4161175759017
683,3,0,0.8626490744636359,0.45572815836378133,0.2904411280460932,0.10044672177893947,13.818452893417383,20.09545874470005,53.31874560650209,25.560770429054998,498.6568001204646
684,3,1,0.794150204559531,0.3435499715061899,0.08431528037922698,-0.4,11.681383100528684,24.1355004794983,59.361646482407764,27.593154091059226,466.5725050283836
685,2,1,0.888159825048128,0.46189551683011665,0.29879302465353885,0.1189866941581024,12.123366481245103,22.532259021104498,10.251640779640343,25.359593494826516,530.5509618355671
686,1,0,0.8664152180742462,0.46398071597016877,0.283796398655706,0.08653221764879741,13.730873818248716,19.12278917547682,47.70121343881016,25.854116866986068,403.2854419069019
687,2,0,0.8847031881720174,0.4638757163561621,0.29460092783506,0.11879168300001228,13.477976211276669,20.562322345491857,95.59414365902263,25.715301701397703,528.3689021696883
688,2,0,0.7934006138058235,0.3879465505068057,0.1812397562836125,-0.15317356152773612,14.309839787018934,20.060345110677833,45.06277417206851,25.30956425480372,353.4411124099648
689,1,0,0.8736905327655954,0.46588593197659744,0.294684403648092,0.0947444922366824,14.175954902546657,21.291340740486227,95.28529314235367,25.222285222110134,501.13923031361225
690,3,0,0.8587109094392524,0.4591499251383356,0.29499703473435657,0.10247972284857351,10.65955373931056,20.15215291348349,55.030523831505086,25.85135569360952,510.00620288180363
691,3,0,0.794451010433198,0.37100042827676744,0.16082820489959443,-0.2190669029517629,12.718538083263166,19.220434037584052,62.92224845220787,25.519770015101578,434.5540625105958
692,3,1,0.8526778207240211,0.45983316780481936,0.2880957510021737,0.1033487466325136,14.493725900666274,24.130877648909742,31.457296797561295,25.6148696239821,526.4978479776868
693,2,0,0.8261668947403089,0.40839670611062384,0.20903916691053123,-0.15701323577414372,13.548390214592441,19.053141069511618,51.68916286567415,25.726640901800987,503.93241368292473
694,2,1,0.8769577464357636,0.463533139586624,0.2938601246556615,0.09473382349650952,12.731083610394936,24.794846097212766,49.40028444907207,25.324996600866637,546.4066307806556
695,2,1,0.8594442095562929,0.4597223583100541,0.29417925689624963,0.0994999379349274,12.683438296482425,24.952960701096522,53.831666521925925,25.272625382712402,472.57695817879335
696,3,0,0.7824733619776663,0.3844219510605116,0.17663409366344543,-0.18032501821276511,14.51398312443123,18.876388730048028,34.11766742634137,25.366955216188263,314.78690275175063
697,3,0,0.8485112222722633,0.4510151666377279,0.2892679315694348,0.09518571744166801,13.93610171298345,21.515874666731317,76.42698089860046,25.393276945640626,491.84093568509695
698,1,0,0.6986098845933244,0.3177151792043986,0.04685531762628682,-0.4,12.381981204616311,17.67116082028915,32.20075144473015,27.6433254736891,301.18078720848865
699,2,1,0.7442714717258285,0.369303744119669,0.16426508071819265,-0.2256191806907552,13.58758199049866,23.31416875871346,51.87196575797594,26.360986106498864,411.4069100854007
700,2,0,0.8723091677522427,0.45920470582583856,0.28649035683023133,0.08752747992029054,12.54915590528688,19.391493176925337,55.63080931622214,25.675440083278694,512.1060696675734
701,1,0,0.8440915959203424,0.45704334462718404,0.29802151786579223,0.09261061183285915,15.184738665513319,19.277306849040247,43.388466532867255,25.25302494376067,476.89931903320934
702,3,0,0.8097219953008385,0.3562022950283495,0.10749070616936696,-0.4,14.243817983805254,19.17932462570342,57.00747731777636,26.85208170617218,455.2423582217555
703,2,0,0.8616770967824311,0.45762842303646645,0.29559629714871677,0.10522009608931843,13.10626424238891,20.117116561788016,65.53116518314627,25.46707240399757,482.1118462216139
704,3,0,0.7416232725436714,0.3584272000016124,0.1435399680916765,-0.2610834618117917,12.897743823330641,18.545526302508176,41.44385453683697,25.748146112973604,320.8436033343044
705,1,0,0.8371283380888965,0.41205506096943606,0.23309106904092677,-0.13701359898390408,14.010884277766223,19.53426624589515,84.77666585087488,26.1494980513639,492.97949256801405
706,2,1,0.824728796619296,0.4558322942092398,0.2927927704960114,0.09811643824657379,15.987358696937578,24.107391757988253,16.146098360314152,26.216576607895167,637.6222777993781
707,1,1,0.8577751066662499,0.4081220557244432,0.23098585277289518,-0.0792134969758278,14.9187685938221,25.319234914280965,78.39848645926125,25.730162030612842,479.1902834669847
708,1,1,0.7954886852747597,0.39375121105850297,0.20001178719934218,-0.17930153881994923,14.052069298509648,22.7499412412079,25.389903845110137,25.79570048723833,445.8801517350659
709,2,1,0.8431579866228773,0.4510894936761717,0.28996199562400193,0.1197352495313968,13.199218238871754,23.65113902164829,24.249409098469023,25.66672312542061,482.9411872551644
710,3,1,0.568166184768399,0.2680811966752888,-0.030807866712380356,-0.4,11.725777689290435,22.12039946345995,44.60477379809743,27.814947618923856,289.69603653255984
711,1,0,0.6790325726866149,0.3144974704785475,0.04492405595734207,-0.4,11.555908436148062,16.342438271205374,16.728955391863238,27.7187667071992,278.8651791382373
712,2,0,0.7111953463081441,0.35697327130517703,0.14176309212410249,-0.2109272470536525,12.452427062747907,19.03458842164686,49.95387503978897,25.6771927494948,328.19077341893296
713,1,0,0.8903871138204908,0.45587162583583263,0.29599220374855856,0.09376553150072123,14.303915138528795,19.96633638209373,54.06947641668509,25.399474056821564,512.0765399270706
714,1,1,0.7351491543331717,0.36084256855186553,0.1358246842237814,-0.25170430201892796,13.299172257579249,23.364527949062104,41.650560272479176,25.164634213669167,419.47341773708945
715,3,1,0.8403137694082291,0.4068599059559189,0.20966244769911319,-0.1345416478363627,14.27990516913814,24.182495601010466,60.81426529942734,25.582175275588867,515.1432427531187
716,2,1,0.7284576262099411,0.3570871250204041,0.14097366937697345,-0.2913800845832548,12.019588684480805,25.39911060908966,73.87640351565712,25.530729450538907,397.38934500468315
717,2,0,0.803472142049562,0.3580492453651878,0.10934236877440713,-0.4,10.41940471649982,18.05419158770586,55.68534206507274,26.93201200963181,450.5220739848108
718,1,1,0.7869606946035542,0.37759352586739625,0.1621303325803817,-0.2366592323719524,13.814847916541886,24.998340296168042,67.70814224110484,25.478521953824252,429.3235676582209
719,2,0,0.7806827037966751,0.38479308139609825,0.1865104075708054,-0.1608925579977708,11.06840081555957,18.735396247704948,57.08704561481633,25.91939518602493,480.4876254973901
720,2,1,0.7594524678591419,0.3468429462599284,0.08148825443114711,-0.4,13.7455190031436,24.420883664604695,63.842240393365536,28.218979817258266,429.7495119986807
721,3,1,0.7829564531266628,0.3880298493111986,0.17734220750108246,-0.1945005530176478,14.564010379952729,23.738829204855953,46.50363335096703,25.732739072006545,441.19912829401903
722,3,1,0.8338437271376145,0.4091055087514336,0.21309924008919415,-0.12946652239516154,13.538859446805862,23.524471648100093,19.218244297397018,25.6812728336787,471.93207381330717
723,2,1,0.8433113011109565,0.41028970735327064,0.21130188597994065,-0.1855409064326265,11.809927445554356,25.879681666138122,99.89751937644165,25.50282646246187,503.63407976494415
724,2,0,0.7781277703991956,0.40052311432970367,0.21761292165379165,-0.1353874607638089,13.955118076823311,19.42977775691978,55.00769713619282,26.032863055631033,466.05160552393284
725,2,0,0.8413544033395748,0.4584023976374432,0.297289810625939,0.0955627548011673,13.257385893437283,19.688833907553168,48.29929521140382,25.771976563640738,386.1373023910209
726,3,1,0.8440132224505018,0.4443565413511316,0.29349167473066956,0.07892993229289295,13.657864455675707,22.950096124036712,31.250909215463746,25.81791119332461,509.51949245373487
727,2,1,0.7623281367719694,0.3738488658199429,0.1671752519393896,-0.23347689551810286,13.054939021384861,23.313874232872443,36.797470063043875,25.622198521934934,445.2829824598595
728,2,0,0.5885918422150188,0.2740416828656116,-0.01726636955798109,-0.4,10.977047817128554,18.172229193853244,43.278986486612176,26.97411214943596,251.8426611864889
729,2,0,0.8737163914748942,0.4575905926362881,0.2951750366434863,0.10183881575559707,12.81133254288587,18.27105008830825,28.99606113901153,25.66865582326505,387.218780076516
730,1,0,0.8485021426218573,0.4510488644518091,0.29011352085647857,0.09565529657658244,12.874928181823169,19.4438935686432,55.74304416339431,24.98091028297689,470.883263973373
731,1,1,0.6207781511593579,0.2694234418480527,-0.022908653854232297,-0.4,12.392120177860846,23.384282592446425,41.60981115304559,28.4453453280697,333.7228964389925
732,3,1,0.8298134597075629,0.45133199255252904,0.29820487807230855,0.11492251711710318,15.537453213850846,24.372111605551112,49.21268272559076,25.572530861639365,617.0392852647437
733,3,0,0.8590241483432152,0.46493030988180245,0.2957255241167849,0.11581230381575984,9.16089298092848,18.50220547572921,37.31279699457405,25.922291325786098,304.0401964381223
734,2,1,0.4880173176287079,0.24053928521218076,-0.06254684688938297,-0.4,12.732975446208348,23.448484893498197,59.74096854786639,28.237251501570217,273.76029166833075
735,3,1,0.8355847926374341,0.3586080050429812,0.11137827126014213,-0.4,14.084411501020956,22.760085743845057,28.015277013121548,26.758020230155076,462.85690058415855
736,3,1,0.8566949126415774,0.4543820667743136,0.2950862651727881,0.08282321629805671,14.023063743825574,25.379180960706883,80.09263634051636,26.134391410685133,488.14128305842763
737,2,0,0.48699363294601594,0.23941214855834972,-0.06501575179683164,-0.4,10.45568620465291,15.050713798407534,5.901934203589451,27.942483986157253,182.90085827461687
738,1,0,0.8192648344638817,0.35313017624348014,0.11266331959293266,-0.4,12.62486925680076,17.63840896837562,28.019919489438163,27.41732299641576,358.38954994335654
739,2,0,0.8460148973717924,0.3601371208861628,0.11282687290577713,-0.4,12.800076826591493,19.16078229526915,70.02629509886799,27.513832390114818,462.5289779612136
740,2,0,0.8116771337967651,0.41591700708164525,0.21016075986873917,-0.12361807933063715,13.779040890222221,18.731096439619947,34.40971039757951,25.27759332899824,343.61086319169505
741,1,0,0.8079294992819622,0.4000775243278552,0.21160642772031318,-0.13864699042970213,10.427847600908589,20.07461028616725,72.57811048600371,25.428245483076516,493.28053384545063
742,1,0,0.811836125102791,0.35701688510423263,0.11995104767248924,-0.4,13.181665893080714,17.316134967758526,36.57215410090169,27.170519591479337,369.77362918668604
743,2,1,0.7151173274551893,0.3642418639891824,0.1526752329591535,-0.23562471808479152,13.75495329227575,23.024149035412776,30.02808010172175,25.569650666637976,408.8964873830217
744,1,0,0.7282732466513527,0.3656477295745747,0.14788867095512695,-0.257902110238932,14.701460413764813,18.857458658926653,39.875091173257175,25.977605908630455,330.0473310835403
745,2,1,0.7592490709841385,0.3819347524847876,0.1793238498774132,-0.20017017092522552,12.413547647701188,22.505634682982276,16.35446073830334,25.7047526207638,423.6131534714427
746,2,0,0.7524150840736124,0.37053335266320686,0.16336751849815062,-0.21311892498488946,13.940276499502703,18.991725695639463,34.569910912158974,25.616623690278907,319.1824578428833
747,2,0,0.8818276449591791,0.46400120443182413,0.2872975504022095,0.11237799869486062,14.030252339038352,20.386023969249347,86.34246485390433,25.810687758944045,557.978201843308
748,3,1,0.8268687786924515,0.3564033216847807,0.11017585956313827,-0.4,12.553434568668235,24.299328571708408,71.72395384334548,27.258060985411674,469.17020100816546
749,2,1,0.7917744933505326,0.3898771109948345,0.20163382972895647,-0.14278325714038909,12.059318543800511,23.30352691122825,25.624206926467807,25.4936562031368,442.7233373313591
750,1,1,0.8366738579689987,0.46192961704236096,0.2891977143921777,0.08506354752453127,14.585542431352724,24.253709297013515,31.899975157277005,25.60170163637695,488.0184881878585
751,1,1,0.8549505598800081,0.45686514872009215,0.29284766406428697,0.09285873441694854,15.078851004260857,23.923291619461928,24.608590474454697,25.5124731887973,630.6034916972958
752,2,1,0.8403517974342604,0.4559277924556774,0.29792584860573984,0.11595137969422578,14.986230317838402,26.562570042889945,96.69133546103318,25.780551132318312,480.7147701223309
753,2,1,0.8737443683136398,0.4604981144539882,0.2888809397949231,0.11367153125795343,15.355111764026228,26.241701810867045,77.88497881432198,25.324392306984933,665.4030941516612
754,2,1,0.8425135024877292,0.46334654684884147,0.29375465330630923,0.09383023015157282,12.06591283922481,23.395830161655663,21.6663116740316,25.588778759112795,494.01189701702594
755,3,0,0.7328882104407185,0.3706518001871057,0.13593686579833086,-0.25678476385633,13.963500608390008,19.465026512833788,58.390398100880944,25.520588268454834,449.39355900478404
756,2,0,0.844985202691297,0.46059214046834623,0.2946879468776914,0.0972681325457625,15.536984455541244,19.061187629760095,33.96821075608793,25.10471444629814,439.48282597400555
757,3,0,0.8378113104241218,0.4552138932375335,0.29098273731988605,0.08102918681369849,14.45110871080132,18.975181797953432,45.73393495714712,25.94681295160485,353.96274665294084
758,2,1,0.7291682060934075,0.3649522673300469,0.15500896962016664,-0.22999741670201992,11.161832270053361,23.357950851631408,34.24252574814007,26.057594398737972,417.0031565165959
759,2,0,0.7563837817106243,0.3887641613904164,0.1802808129354777,-0.20951763700309595,13.988907844755921,18.356045884122306,28.480731598562766,25.276939001425927,315.4704648683413
760,2,1,0.593456484436892,0.2721362325908265,-0.024655732467404334,-0.4,13.077332405100847,23.201436434573843,46.78649278545907,27.655825055918957,309.372156482088
761,3,1,0.8431328754113573,0.4588524732452373,0.2888228099559587,0.07056418877042953,12.985946803274219,26.20739495842617,106.46680975518456,26.373823115949783,504.75049810466334
762,3,0,0.5918921707201075,0.27291566028136954,-0.02360198077653657,-0.4,12.639387345668373,16.80320363658173,37.5389639670481,27.451212950147884,251.50245141925305
763,2,1,0.7860652734796965,0.3947549922701129,0.20146883508959426,-0.17456277500844591,14.46499846831378,23.661684508256496,29.470978277760317,25.498497846555637,460.34175980583007
764,3,1,0.8522154515357726,0.4574435605620793,0.28744922853561705,0.1054983794033829,12.580851649475065,23.714067976853784,47.3251287110907,25.689447397653584,500.65584563476745
765,3,1,0.7816570152480835,0.3848785350000271,0.19123256390977267,-0.2123651759780915,14.465882825917497,23.912328297736938,36.23808319097238,26.150573918169346,465.34463500972504
766,2,1,0.7168105597952541,0.3561575902483774,0.13962554498687668,-0.24967462870827345,11.401700520531795,24.050998306421555,29.765391229359853,26.02221630255512,386.45371802357033
767,3,0,0.8306185644740112,0.3638847206045187,0.11884792285941168,-0.4,12.679645316650356,17.454298536172264,26.846546203531066,26.772412328353017,346.83743624078227
768,2,1,0.8061938672459436,0.3615430470619735,0.12124850764266093,-0.4,12.603060262672745,23.89828188718275,49.28237565000709,27.724514452511293,446.5000883962495
769,1,0,0.8618079254174398,0.4558816284130461,0.2859578025531781,0.08650948090652387,11.761024637185411,21.085001558120744,83.5049491682268,26.022564186174236,511.11341658063606
770,3,1,0.5042529242441478,0.24304140590933226,-0.05631339634062775,-0.4,7.365619624978542,21.346727870108417,23.097798572416735,27.74267120637918,193.11184064505625
771,3,1,0.8431205953415557,0.4481816402401627,0.2898796787936594,0.10452470630151053,13.482393913097653,25.44782568624846,62.49503000324892,25.502920075386445,511.1574347061909
772,2,1,0.844797691502955,0.46502998704756404,0.30690853733711326,0.13237848556424536,14.274208884578137,24.280363610331975,46.686185246330936,25.844682331610727,505.9118886922171
773,3,0,0.6682368124143592,0.31023743099343787,0.049411776556374604,-0.4,12.04454039339828,18.219003860727835,65.50066801706492,27.84261305687621,363.620157284744
774,2,1,0.8748432562683243,0.46483758421262555,0.287395647202581,0.07049904831807996,14.61771536501321,26.41507785597426,86.87339513591425,25.706281254150905,520.1972869152287
775,2,0,0.8329457793912725,0.45977636537569866,0.2961252790032662,0.12931442150205552,16.118495850551096,20.226323755856974,54.66119253313612,25.681759255031903,642.0354691674127
776,1,1,0.7677893859614133,0.39109306576080344,0.17936516203708455,-0.16929684939925502,13.534020219428752,25.649427285006016,88.56643063976924,26.301779955901715,444.7629255305567
777,3,1,0.773045375994686,0.3835733956628121,0.1847263151656835,-0.17564562528239844,11.767394142033297,23.001738533569995,32.4821065186915,26.026312244847674,461.3551280004554
778,1,1,0.7016041779940609,0.32077374688506105,0.05245629126793727,-0.4,11.65792960459125,22.750962979956785,46.87294876934077,27.56562778876276,389.07635679855076
779,1,1,0.8192474493070127,0.3609682175011232,0.1170830463841314,-0.4,12.096607960414575,24.216028537929645,91.99013116671809,27.207067059416044,452.68827076964277
780,1,1,0.8098688874253321,0.40818078439978817,0.21525957519137712,-0.1324854352148259,14.823064573648129,24.667518027457756,62.2930597043599,25.682663269215375,464.9355955642828
781,2,1,0.8501563221192537,0.46586699094848705,0.2875817610896899,0.10094929625941253,12.308933534496965,23.807733516985298,14.353066901846764,25.271925641525797,507.3025794560322
782,3,1,0.8617343142576677,0.45999904480418224,0.2942072935337626,0.10303174608909167,12.732519856537081,24.26094833214624,50.244454367945096,26.2101460648839,549.8543987467526
783,2,0,0.8384819841530987,0.3502649270439401,0.11355780607969006,-0.4,14.106811519359352,20.15551782935593,99.37977305907293,27.418416686339423,459.1723839919483
784,2,1,0.7585429356078935,0.38526771463355486,0.18333748901031843,-0.1774379269067622,14.91879468304309,25.458390415513815,76.1599392751237,25.683929116454568,436.1841237220917
785,3,0,0.8673581333913325,0.42098473855288343,0.2286124938478987,-0.0926272575190421,11.097055506297716,17.830349010590048,25.820713110367162,25.23231118036405,370.64244018042456
786,2,0,0.880330547523609,0.4628517341019302,0.29831575699776214,0.1025624470795865,12.934425166364424,18.762661790065906,25.68483849638418,25.868145099293514,377.24209887767483
787,2,1,0.758332193523434,0.37254689017226184,0.16214950033754968,-0.2423525609521473,13.12716325101146,23.41648533506133,27.93851345077641,25.412863895147826,417.19950309347166
788,2,1,0.8021995308621739,0.39851866863133034,0.19074727639744735,-0.16890904451276165,14.055738570937823,25.159030659214793,69.27023176782554,26.246650770476712,464.38331017621397
789,3,0,0.8289874608205012,0.4007747260258522,0.21761499512971927,-0.11454444799389618,13.825605670444983,19.58500644155767,30.74136482802489,25.31452550438258,357.0701966319556
790,3,1,0.6973061649072343,0.31878411006051105,0.051009657993095384,-0.4,13.340022459146544,22.66056899888829,49.434980144126,27.945832626070946,384.0308274509171
791,2,0,0.844489801789862,0.4623793928834929,0.2880889880757115,0.08734559634932809,15.134556152080592,20.35088572156375,59.36404459564604,25.592534084397535,621.1441964889198
792,3,1,0.701409586116674,0.31697191931023966,0.04071729207046028,-0.4,14.00845315139329,23.290872989380947,67.35137264286672,27.15942043957864,399.3005514178942
793,3,0,0.7842488922928013,0.3886520409683691,0.17878357640450362,-0.20461148287131875,13.053878666577864,19.080257271174233,67.22772039283392,25.845656859970894,487.882471569548
794,3,1,0.8407569845038176,0.4577120467352483,0.29185571490779333,0.10024492048089806,14.88165679752737,23.585744982249036,23.625805577912125,26.02574499866028,516.3856574658117
795,2,1,0.8270462818302321,0.4589660779678967,0.2914676002452857,0.11888035961197274,14.677663665684346,23.843652011535816,44.46409571372763,25.59357997496514,487.26550686391107
796,1,0,0.8368955715033007,0.4603006250806592,0.28862956827533837,0.09944622996091265,12.723965133911864,19.628369210382786,57.45970477592166,25.19556945226049,530.6708329421194
797,1,0,0.8946759527226342,0.45537367101698367,0.2945185798847253,0.07331373877381248,11.435789420634105,19.562896730644564,54.41943723920614,26.192443439980224,533.4890473430945
798,3,1,0.8612371963441606,0.4177351159224155,0.22983497600649536,-0.087813524456199,14.826299987705701,23.716788954849598,54.52308076986813,26.336722982147656,506.5414431690724
799,3,1,0.7601831317735799,0.3766326079275146,0.16115325564818656,-0.1721464772371394,13.036381840374222,25.75102744432437,88.24375113990538,25.671843368343463,444.24443776313524
800,2,0,0.7807797801322505,0.34485903450237515,0.07860153926776756,-0.4,13.557818076281423,17.995341840624864,22.931062230294426,27.271723480382814,334.0336064720315
801,2,0,0.8669908439758759,0.4564458559539428,0.2924356252484185,0.09035264828255497,14.607479772708826,19.562557502210378,37.25883620574242,25.74240439785524,409.2970695400119
802,1,1,0.8232799690052344,0.4036287929199885,0.22461234546611708,-0.08362540123285411,12.639850210068637,23.536315335790352,37.87311690823706,25.39422753342718,482.7358078132753
803,3,0,0.8521905064157711,0.41343979766842676,0.22538993910721766,-0.1311877422172474,12.320197215933984,18.310805831949953,39.051250017580564,25.096709410547824,384.391950934023
804,2,1,0.8363600717674016,0.4545891933087168,0.2912508812751992,0.05996542826445358,13.481988615945353,26.24928856710788,92.0127570668097,25.624848325698064,523.7477826554441
805,3,0,0.8419736066429233,0.3992938592562252,0.21190451837408658,-0.13506440414490295,15.074046595360759,19.252314638652717,47.62962599912289,25.397962493757245,456.0848719567656
806,1,1,0.7358219557506351,0.3611107339293437,0.13968488848063682,-0.2667534492705709,12.832753226025112,23.187649317889033,31.527335565689828,25.579439091170165,440.6446254881731
807,3,1,0.8552028122057274,0.4550000953623412,0.2913235511040647,0.10692191804933822,12.439780541679898,24.636055488337465,59.99552140616024,25.78825580147325,492.3680872992238
808,2,1,0.8256004226602077,0.45243242416796825,0.2879004335246364,0.07881855916290488,12.04052058750768,23.098530247587767,7.404680653182358,25.51829736405679,512.4222621794663
809,2,0,0.8477452960001504,0.4529929328104938,0.2932671627142886,0.10045016645710456,12.19047316727498,18.318250946749494,40.6697021436597,26.331268786184204,366.8312671581524
810,3,0,0.8159634727459408,0.4146210140318843,0.22693014285435878,-0.06125844493564456,13.814017962497616,19.36067318859926,42.03978143725973,25.494884654758916,354.75690115403427
811,3,1,0.8590357790929278,0.4543197720791253,0.2932901201348258,0.0784546549259572,8.674347974284265,24.182175993395884,32.34858718740863,25.847658634433962,393.25873324818684
812,2,1,0.8719713446225158,0.4566101747253944,0.2828534454188823,0.06553639318429946,17.13091817955472,25.80623118066844,61.83704270651341,25.5433976596266,651.1706582131562
813,2,0,0.8664485044541513,0.45786263450374787,0.2850572293366191,0.08190867479831856,12.559926699152083,20.236606401349857,81.5992718079801,25.317121861039404,524.7088918821873
814,2,1,0.841462268940926,0.4499757749558018,0.294900155727531,0.0942823241330275,11.900980802435438,22.760271079571957,13.897695292194191,24.80702833180191,491.43231625041426
815,2,1,0.7423732662599498,0.36580078920963566,0.163067875941832,-0.22310407317526693,15.52809377773001,25.053140513870197,77.59661320606948,25.928678418955098,544.8751308806594
816,2,1,0.8264996791689851,0.45196732231423126,0.2950754080885772,0.09602811442338952,15.801739368486027,25.41421703209638,53.67728062670112,25.55702975590143,631.9239256815514
817,2,0,0.8485889427892397,0.4597601302471423,0.2924637625862064,0.09328496775968997,12.974866228730688,19.59907676880448,48.432259747205734,26.000818152033496,371.674936089277
818,2,1,0.7153823718922165,0.31842366551689694,0.04974062514261483,-0.4,12.183089404522898,22.71234302620745,33.19493561961647,27.72979475250288,411.45812099560834
819,2,0,0.8338688577006838,0.4139206443328944,0.24082578688626993,-0.08656997879288383,14.852875858291819,19.64042025041672,45.48307051090715,25.18304378234478,384.37109248731826
820,3,1,0.8738133977939643,0.45604770223569335,0.28985975642495126,0.05124068788910177,13.659803366731309,25.016393255279993,56.72881387890136,25.29887625822534,522.3797067027795
821,2,1,0.8473317559059936,0.4645278802730294,0.2887619958425855,0.11005370665704935,15.00231927700927,24.624518248738603,50.22273689288472,25.665565554879002,629.5849774359161
822,2,1,0.7675601756305812,0.3383614475968143,0.08696754810216048,-0.4,14.52637287242022,24.41220600978761,49.813401256225625,27.20427555806264,422.02439018901293
823,1,1,0.8142305706735011,0.45671454892567864,0.28677685757564403,0.09906303438291719,15.380274428309988,24.742433935858546,35.59845627044026,25.51084802640737,576.0546851090202
824,2,1,0.8239029679154541,0.36336078481596773,0.10776565216835003,-0.4,13.93561066894189,23.36165973277454,38.854847954129234,27.028505933984814,446.9959662595416
825,1,1,0.7965207052038472,0.39610196779807066,0.19907324087220327,-0.15442435522576864,13.670799165230052,23.236524400757236,19.848552813754615,24.893072685827537,432.52323850179437
826,1,0,0.8576527766399766,0.4555824293051418,0.2862293077636775,0.09901615426521697,13.179569754957534,18.752974079784003,38.530264414272175,26.458479213383953,358.43080404459465
827,2,1,0.8676813634223578,0.45892652606686424,0.28897457584839226,0.08143836687766837,12.834395526381716,24.507684297083735,40.66779106187639,25.691774550550672,518.7112225013146
828,1,1,0.8515674070496445,0.458693254776795,0.29359498353276475,0.08573795590771471,12.030305831982536,25.122154406082434,63.18923223000942,25.710011410569898,504.13945804528817
829,1,1,0.7969217585097953,0.40513491113296957,0.20895088762813666,-0.1506697379982426,12.105173304368119,22.797747910644517,35.1968816880071,25.67493153918724,475.180014230801
830,2,1,0.840247345003462,0.4553371680591695,0.2886664630394555,0.07994245490068037,15.369054805523989,24.088185005280312,40.636294898839786,25.328118857577554,614.9231287810869
831,2,0,0.8569329706883253,0.4489980180075352,0.2829204091146138,0.09672113603747617,12.844303211173058,21.087350604187357,113.28455725493228,25.85410735025643,504.17180801186277
832,2,1,0.8434978858854831,0.4591427700874847,0.29079756768314147,0.11135782608510139,14.722818682573342,24.868069889494038,66.65730102424853,25.70847669628509,504.7517622790805
833,2,0,0.8746583133987207,0.45707845502068184,0.29416523260240746,0.09948820387511527,13.436929412791558,19.839699641168174,62.46955914776773,25.340623951473173,524.6091079528895
834,1,0,0.7759953086105653,0.38762304408799814,0.17169356333192745,-0.18045565904763275,14.013227921373925,19.04662818072283,46.435511573632496,25.449734647722643,341.4365523206057
835,2,1,0.7931215942228256,0.3814879770117714,0.18635331794977364,-0.16965753986952814,11.230000794298018,23.836196033751996,53.195648750510685,25.68495245509945,467.2280804072803
836,3,1,0.8716729790003781,0.4611873639076295,0.29684406305280653,0.10740477626206224,13.482358800227956,23.982173282148427,43.60052026980144,24.946599351882252,513.7668534920592
837,2,1,0.8743528743114486,0.4623840511706844,0.2837408507161624,0.09573657763252955,14.743003062856657,24.48762421369445,60.30905141702857,25.81563670228737,524.1995570714876
838,2,1,0.7981559256513341,0.35988651438308333,0.10629119352101668,-0.4,14.714751922117282,24.423873702880318,78.6765928219216,26.99534795172523,471.37234378079313
839,1,1,0.7707422325794595,0.3774962084532745,0.1787621715683906,-0.19071982560924927,13.18504057964919,24.360884737971908,51.16350889648569,25.460429763012772,440.4627658372319
840,3,0,0.8629574635140956,0.4574347873897534,0.28084288997450985,0.07712647283883864,14.282416436227418,19.465446297091646,54.29012813120448,26.042440693238245,515.3646490422407
841,3,1,0.7349426607489794,0.3618498521774622,0.1436360016464697,-0.2112919510054125,11.359972563972699,23.65246890842376,54.330725675676675,25.510704710718077,395.83602830781416
842,3,0,0.8612625835047403,0.4606056113199314,0.2931396348418286,0.09881917566531265,14.496168553927907,19.275106832044365,58.54431163521018,25.717881184670187,540.7771599201127
843,3,0,0.6922708149791702,0.31974739716238326,0.048597894062443185,-0.4,12.120032652691583,18.73002245256454,73.05602688728592,27.274606738676216,358.8265184183604
844,1,1,0.7911381552079118,0.39112836664929174,0.18799786934576443,-0.169777091105429,15.235028827233371,24.594214729146607,44.39515289951197,24.913028142512935,558.7045759021889
845,3,1,0.8619699364684063,0.45800547621875387,0.29320944922440073,0.10453872386850702,14.044897736128403,24.601869824287117,30.358889247081088,25.60909568941712,495.92928314164544
846,2,0,0.7571928202361684,0.37924913601983107,0.16801871793169126,-0.20320921430409236,13.462463463448344,18.40410127113403,36.57525146267622,25.421501015911097,306.9268253264772
847,1,1,0.7676107332521855,0.38375506535347925,0.19605973852277925,-0.19558022910457895,15.967073786389548,25.72211213594951,80.70643297989601,24.970872547050575,558.7328470021661
848,2,0,0.8759127159976915,0.4582606994808818,0.28495176083496143,0.08086585683446154,10.620035016642554,19.380357939588023,60.47891139278316,25.293937910077894,528.7869841707311
849,2,0,0.8447893766528981,0.4586558848837351,0.28667028791124616,0.08927960932078897,9.9222639588829,18.395299237918643,49.48527569978584,25.553960787867048,292.0413982253743
850,3,1,0.638606277645428,0.2987519172953855,0.012962298646876624,-0.4,13.69139063739369,24.585479429439783,56.79939869113887,27.831004282123537,344.5118214382293
851,1,1,0.7181664358082624,0.3710255334648487,0.14590408516465747,-0.2537850286424301,11.834199393555073,25.337488344370094,85.55286946116208,25.451911026921362,413.2875774261821
852,3,0,0.8431734129649071,0.46368701054130224,0.29119981607897344,0.09799195437017327,13.9362264089718,18.84547626534127,31.57083732185733,25.97703791962892,373.6119458232982
853,1,1,0.8906199661943713,0.4619199270979465,0.2904217053266247,0.08879530391786139,12.703871154475157,24.288893541723603,50.70194660425633,25.30346876654299,517.5312304289848
854,2,0,0.8405909180199734,0.4544698117135958,0.2972248448577831,0.07450139460284165,13.873725699838467,17.581263432906955,21.37646104170696,25.404537166562232,368.3753071453803
855,1,1,0.86953941347595,0.45371982613947404,0.29509526470063546,0.09863103039467301,12.861436664266588,22.92919452479085,16.94139422099752,25.37797624899284,532.716913318091
856,2,1,0.7347502804461981,0.36152764799729964,0.1361628979656767,-0.2507439424347866,13.792923459659077,23.860054023783125,35.56633555680052,25.183165148546987,438.1445496143514
857,3,1,0.8677096231806782,0.45533156665032726,0.2895541689242823,0.10273693471703553,15.431450066097964,25.22317388830827,71.4165901134748,25.524033634519498,643.6613545341845
858,1,0,0.7726054797833078,0.3879122111174878,0.18303200811991238,-0.15599734198927506,13.577159331818363,19.185911516130137,45.58847608591976,25.421362957650135,343.2135552128809
859,1,0,0.8385713032774473,0.45707363080921687,0.286936794096894,0.10001684903282831,14.302023153578855,18.74322514147685,46.82281223528039,25.960845401679943,400.05699719686123
860,2,1,0.7657947777962859,0.3502006261644396,0.07843933926557693,-0.4,14.10783206016647,23.974812280136145,53.44954940424385,27.023778726321076,434.3890170027784
861,2,1,0.8247392703846431,0.3560979583393859,0.11335131131393272,-0.4,12.349842393056052,23.007097147852306,32.23627352444898,27.511773757807635,469.3961161110211
862,3,0,0.8338308155262099,0.45880765400948337,0.2938699454394974,0.08045316882834548,12.933654733521868,17.925426332538827,37.30483664432591,25.34277693308507,375.6738801711479
863,2,0,0.8508727052396746,0.4631325294677403,0.29575002731405314,0.06307425895159385,13.375728357664675,18.39745928562003,48.51969419119303,26.10650755603671,400.8314641278659
864,1,0,0.8628525310902335,0.4654752168473154,0.2912968479774039,0.10339462169161025,12.904148441982674,18.074431663724305,11.72740605192701,25.174928924603496,363.48052669143425
865,3,1,0.5146274966125767,0.24318628606440312,-0.06784385829442334,-0.4,9.31916460263321,22.703907855083703,34.11021257879641,27.552424708389815,204.0817813140754
866,2,0,0.7964584153964349,0.3738470569735872,0.164480482736107,-0.22161342266353198,14.042695940680266,18.763284371167593,38.515648458334795,25.70851229779215,368.1636744601667
867,1,1,0.770688390215889,0.36878893838236027,0.16032529323144035,-0.2350380989997756,11.44345854463779,22.992155616695914,36.68517528076017,25.535022526328497,446.16177659560043
868,2,0,0.6465926133768616,0.301110523042465,0.013114339496049888,-0.4,12.743395886669056,16.727497997336673,22.479649619142425,27.635631982161804,239.73240674141135
869,3,0,0.8434993090418569,0.41025366070616914,0.23083587772777747,-0.10899840522150955,14.139541265006784,19.504294857137772,33.36391830092469,25.49752722617894,377.74362041876253
870,2,0,0.8753386803001912,0.4572456364355868,0.28863716945132445,0.09226865158111622,15.682165691487826,20.510445969456836,63.8033373649884,25.79182780164802,649.3571217693476
871,2,0,0.5748814244648195,0.26959651726575873,-0.025105559587892113,-0.4,10.762714944251803,17.351854660430853,39.14695194294518,27.83346437245469,207.96222776117716
872,1,0,0.543863950949915,0.2375191963896115,-0.0668721227270754,-0.4,11.699872301410775,18.04655959583757,60.52370098521888,28.350229271215937,277.797115569292
873,3,1,0.816446183281241,0.4076610163647875,0.2238295001441637,-0.12822692707854333,13.563343364460044,24.396268630090212,48.15149710466288,25.78656570344386,497.0776972010253
874,3,0,0.6659801463540791,0.2992143353912924,0.013287298859555874,-0.4,10.480306146268187,18.45686405099574,48.31171960443027,27.993540705131714,267.86323024696645
875,2,1,0.5574164866184402,0.2763517555137411,-0.031218280409419947,-0.4,10.827538492729524,22.17308797777718,26.287568502465614,28.27090573942086,275.051792071261
876,1,1,0.8381907352926999,0.3670949708668479,0.1111983920297267,-0.4,14.49434661917801,24.334068278838966,57.52717153017087,27.300415917061002,482.54326302008286
877,1,1,0.8180979526092467,0.4078732140578508,0.21956464622762645,-0.15183980294847954,11.92274128942178,23.283598485418864,33.37323372946328,25.714451719491148,471.25972176813804
878,2,1,0.8411085745253658,0.45791099393827617,0.2913182014385417,0.09253787887576208,11.836194080815032,25.82700122789181,83.24529369024276,26.23026159688041,526.484424785116
879,2,0,0.8062639615069915,0.4076117561248648,0.23060878864805848,-0.12298657979686639,13.901597692039001,18.051563540572474,39.526792133902624,25.148951277593937,377.87581609200254
880,2,0,0.8211201210399813,0.4029635197669121,0.22328006285099694,-0.1273821636982364,11.824604787466697,18.71086582533841,50.58729127677404,25.636266550074804,474.6868742809963
881,2,1,0.8078439529957037,0.4148056916114542,0.22572291091096006,-0.10782797803826616,13.771635899944817,24.457220874998608,40.65662240128538,26.425546001895945,457.71839358721314
882,2,1,0.7505337412839427,0.34040814604521774,0.08396007829528973,-0.4,10.822552673432154,23.412314192230014,61.19415590591307,27.345767393564415,421.845198529658
883,2,1,0.8326121608283809,0.4587129785228162,0.2849073176258619,0.07822892001544718,14.228537367834576,23.60538939323279,22.056175796306636,25.56197975480957,491.8664973887705
884,3,1,0.7524424000721939,0.39141084163077866,0.17779590532816034,-0.23543198988854386,15.177095098994586,24.636370012228817,45.442828960036145,25.02255052886476,545.0850169466389
885,2,1,0.8456362576493122,0.40204109021353157,0.2113651917050748,-0.10925444511847945,15.080458421335258,24.90019213459432,66.35891785398192,26.154979496971674,613.1211268080565
886,2,0,0.8635718350369811,0.4571970484167281,0.29922109380230866,0.12610995509747797,13.061883571068972,19.1648394067956,41.411444930363004,25.877959538343,393.90407024329437
887,2,1,0.7482806000163418,0.34089890616066265,0.0853346520969925,-0.4,14.02403737885022,24.078496721769277,68.06891155268472,27.459865463784986,390.72284332534423
888,3,1,0.8563544009355241,0.4696820647354202,0.29351799592699046,0.09299221189442039,12.876921836128238,23.983056953868893,35.04026254147818,25.602963855553917,492.5920907956001
889,1,0,0.742876245747668,0.36863534096234496,0.15055447762373406,-0.23595772123172595,14.587837382173117,18.35881165104399,24.725978485679352,24.623980807932128,344.2840741417193
890,3,0,0.8269288298311784,0.3685671461190748,0.10728555003125302,-0.4,12.527513247458735,18.041581739438403,35.996534664005104,27.417493178707968,342.4674607182139
891,2,0,0.8786910883867235,0.4544550717324055,0.2936453865480958,0.10765444123340859,15.136523850836898,19.420282863255274,41.17740520317306,25.593621798461246,478.6039331001657
892,3,1,0.8697325412215497,0.45628415036287684,0.2808401307129913,0.08937735302166233,14.93121937109489,24.799618222770526,35.165064016243456,25.556389399158235,504.8791087170962
893,1,0,0.8384112977005149,0.4563195737580159,0.28833100241049286,0.11832482512174165,11.799899440819011,18.390984851312474,43.10692296891738,25.733925184654208,365.8984000142924
894,2,1,0.8157835370242736,0.447812144484801,0.29282474542713344,0.10901271755792932,15.166071127957247,25.777600483207237,66.49684665976248,25.014784969230785,603.6662727015134
895,1,0,0.782304849427331,0.38873875762271715,0.19813456197196694,-0.17652696893262335,13.725921587177767,20.47707436520998,80.42978582602915,25.70981826193033,433.1203331002551
896,2,1,0.8551103041058113,0.45386653147571554,0.2856921264693368,0.0684081724697063,14.51610418970025,22.51589865025011,3.906575308929452,25.48385071427455,524.3717217514967
897,2,1,0.877232067755424,0.457019540739983,0.2868533879758724,0.08755177124274816,12.171068418249451,23.75984575174261,43.16078124432611,26.114364219715007,548.3194339476383
898,2,1,0.8796549693287332,0.4534746528276056,0.2923174179476885,0.1037028591815065,14.261361492618853,24.828629110936024,65.55841819228414,25.682780239602884,520.0265301004553
899,2,1,0.7639398134586871,0.3719283320391327,0.16206301748699906,-0.22854919665049808,11.383709855463632,24.1314987748859,64.79128994275179,25.94524304219363,413.87060549199566
900,2,1,0.7683104971388147,0.37777423650492703,0.16533834509702813,-0.20230871315250865,9.401827679756874,22.8765081751233,26.54017498888174,25.947733152633834,324.36831687789424
901,3,1,0.768760654132562,0.3449861197338953,0.07922877730420944,-0.4,12.848942292614863,26.037551236533233,110.60842375045974,26.902632504363062,416.49751110126164
902,1,1,0.7674949864421761,0.3825968842796455,0.17890751955798773,-0.153564641038144,12.134227258907405,24.38208865220657,37.457523077921515,25.411062039607938,437.0076778670121
903,2,1,0.742262335674846,0.3576389547428647,0.1419950092427117,-0.25054268838794214,15.348716600302101,24.065787056625066,29.79177434562106,24.993551992239283,522.3948319741195
904,3,1,0.8133940437555955,0.4118035688057223,0.2188416359709353,-0.09493002201971765,14.634961637826105,23.883525993523143,48.86523346098292,26.170786657735153,500.84832017017715
905,2,1,0.8598223005784603,0.45762448804655137,0.2914977552554222,0.06800844033100743,13.105840256413938,24.462350365154066,60.076886827435416,25.94648456999762,491.46388092898576
906,2,1,0.8141504087106326,0.4112225717928813,0.21826802328630066,-0.09582257787867673,11.892193256169747,24.164602247680516,63.385980263344194,25.538595873453385,480.52962885593155
907,3,0,0.753318819880095,0.37121844173888763,0.16162448460789608,-0.22743497732101375,13.376192890140153,18.78767431607421,28.816036235291257,25.486277525759185,339.7006681089958
908,3,1,0.8463055134203301,0.45747384209153974,0.2848217466180901,0.09573860587508015,14.633938289871653,24.441424131411786,43.10343430214013,25.347427365740742,523.1314801803844
909,1,1,0.7215003669199869,0.36479837258635595,0.14503608477782198,-0.2412731148451197,12.064213880001606,23.303303713775477,54.2125276996747,26.09911222143821,395.45778442954065
910,2,1,0.8502544663953389,0.4569785741522874,0.2983845421283021,0.09784869447277895,13.654128547582651,22.963397536382782,34.663874428251766,25.288893592157294,508.3222608328917
911,2,1,0.8896877097723337,0.4615521462650431,0.28986481690949106,0.09745797253251902,13.825571649577084,23.73358234793118,34.737205144314665,25.37576982648333,518.6988498663662
912,1,1,0.8655891628158187,0.46008874266805344,0.28463330684553345,0.10505132151570182,15.621650688430991,24.674448732796872,46.953081883022385,25.543829089997764,634.653619405977
913,2,0,0.7570444196416696,0.38303788429848107,0.1893600947105276,-0.1971559091518613,13.391491692258832,18.39194497879652,37.288157620531365,25.96562049575072,313.0303606160508
914,2,0,0.8495645657953181,0.46852852519632326,0.29534184866016094,0.11972758650401125,13.354697929263853,19.046723152121448,47.354830357550426,25.549198742752754,367.4288295919179
915,3,1,0.8612795280397667,0.45719285228999124,0.2852843649305359,0.09491840759007969,13.86669069157034,24.498251384272027,51.904997044615754,25.897796903914134,518.1936435157238
916,3,0,0.8793247136629688,0.4558568197716806,0.28103605144683985,0.08354666966330958,13.005018663629468,19.63189517931961,74.4695092234474,25.885067544352474,523.79574452477
917,2,1,0.8439434676028585,0.4638620060785332,0.2857665734530327,0.09718137443242722,14.73258150658863,23.603477797363883,18.057412295521456,25.641601856235134,511.7485948225481
918,2,1,0.8201370356262101,0.39953535081431274,0.19595246683571238,-0.15188907793998047,13.506539211410585,23.95504669703969,42.36192486287955,25.50281115992462,490.71132989362525
919,3,1,0.8641885378779697,0.4540458401932913,0.28720023134376754,0.09037705843462433,15.419458894577405,25.365960304330056,63.49124706347312,25.53793955932993,641.7762928280846
920,2,0,0.8314234522810181,0.41607104988026056,0.22455897761989782,-0.10411217533115652,11.96198181296671,20.058693981438314,77.08396279734723,25.695131965901407,478.0113490606041
921,1,1,0.5590258042891207,0.27506051744182114,-0.024171443911274425,-0.4,12.007012543471443,23.347007017415937,44.09433866361346,27.37569400607445,311.54459417929246
922,2,0,0.7782585756784024,0.3899813466303488,0.17215881317808618,-0.2019766442027561,12.508205476583717,18.458786235925167,51.805638395504026,25.333978657010995,439.1564345120194
923,1,0,0.8382689033656835,0.45549851196792945,0.2911864494336905,0.08612137364704354,13.678915224334895,20.701669354987605,96.95929968226032,25.66842791803081,481.4655203936521
924,2,1,0.5658749352650551,0.2672247895416142,-0.027372087422012616,-0.4,11.64103564913562,23.585877340913292,43.467009821473304,27.627665321177396,291.49679509772324
925,2,1,0.7980018007373221,0.3991448199111804,0.1906848483173814,-0.15983161361769851,11.264537192613794,24.374591184312866,53.25474890265427,25.401071941860902,460.8603447789823
926,2,0,0.8709149253481088,0.4670131681863571,0.2897286894403861,0.09460746289228965,13.216780573864558,18.45373323922967,44.39080695007632,25.742324236139318,354.11026069163313
927,3,1,0.7549638775837267,0.3724910537837004,0.1592744235135741,-0.21397337340266198,14.290901862893705,25.018558237615593,93.60666369139888,25.37687662342613,433.23907324007376
928,2,1,0.8479887802996617,0.4142675347925648,0.22904552457454286,-0.11180235867253263,12.276167994923238,24.981921815747054,59.63639057398224,25.660786021304922,478.91285371982116
929,2,1,0.7108784429434457,0.3546850058390203,0.15186865641485736,-0.21208351991459903,10.501437072236108,25.354410959336,98.48164002776903,25.457308602925814,389.56974435396575
930,1,1,0.7372245501474698,0.3718401817492677,0.16513931195998716,-0.19778800610421737,14.447767933217177,24.594832063876087,48.27523023150139,25.692308481688592,430.740503383635
931,3,1,0.5756199919944278,0.2715166361311111,-0.021468357113635574,-0.4,14.613549819756111,26.298489551130313,109.68048884586032,27.669485789218847,285.5235794724088
932,2,1,0.8338569026010845,0.4535577215877199,0.29351664414479556,0.11428121080593212,14.082340534300487,23.951611083094352,30.313665448537712,25.972766954127707,497.4407068242015
933,1,1,0.5234066027667597,0.2393780513393416,-0.06487012489426042,-0.4,9.730216713972034,20.730983954763154,17.853753342186952,27.872243617455403,198.0563163599742
934,2,0,0.7567941050457373,0.3741331078187829,0.1682838876699646,-0.1745360802751882,13.494307330429987,17.218462073743584,24.80076608973527,25.270938341725806,330.07045086909454
935,2,1,0.7171345670016511,0.3167871959651853,0.040249834346799115,-0.4,13.270807347309091,24.879487682819978,68.26884332449104,28.19465233881656,383.55470079754963
936,1,0,0.853339415085863,0.45964560413439814,0.2880747078668167,0.10823305441726247,14.050440561628497,18.652599446723578,30.028209057889917,25.668623961588935,394.2637777536165
937,2,0,0.8516378939800334,0.4589508815273341,0.2856028494485863,0.08524724236408414,13.064578455113843,17.948617187872777,41.85393612340217,25.906233107986946,398.43370145364395
938,2,1,0.6492625249855126,0.298156294623482,0.00867039135223487,-0.4,7.601761233553299,24.365914154215996,128.23350987923652,28.152574289788408,259.3821340632593
939,2,0,0.8318511672424356,0.45521220631001824,0.29839583488505106,0.08785228300171766,12.652610736354966,17.717842887234365,21.957375110991237,26.084394247045516,344.2928390366342
940,1,1,0.8753668665239179,0.4629203058788084,0.2967402520915191,0.09829160576546574,15.628530077825562,24.017560164296277,34.88927783266276,25.51857592615917,625.8382974393938
941,3,1,0.8256554213064897,0.4106341879088472,0.22310262032983771,-0.13317713796695044,12.8228302001821,24.144785059402274,58.993174289176146,25.38976521959315,507.7760398423692
942,3,1,0.5756685432021875,0.27374363953706693,-0.024342046731343013,-0.4,11.785883835190566,23.704832792064703,68.09116985943487,27.809721171002383,324.67065627269
943,2,0,0.8154976794479925,0.40142363353530464,0.21655036607844483,-0.1801839972139051,12.824307717930047,19.91428266740133,73.3799627986044,25.935469994501442,495.3413914905583
944,2,0,0.7680105360949204,0.376142475390716,0.1693402010961121,-0.20514856063649142,14.211384263400612,19.118400810543854,60.098630744970414,25.77711654984764,437.72488218950866
945,3,0,0.7100876864025835,0.32260526624447905,0.040529377379588366,-0.4,12.808074484157338,18.31994539325418,31.400039730017543,27.11538248713312,292.19997571449954
946,2,0,0.67934177396623,0.3179451103260056,0.048218467572804805,-0.4,8.34393858569838,18.049947570778357,58.42483976600435,27.405098541958672,270.4643433092184
947,2,1,0.5013501206235664,0.23993908396180696,-0.05904067542100964,-0.4,12.570120519313217,22.49869336960934,28.787774396871118,28.31523973933526,247.58120840923854
948,2,1,0.8797184339423434,0.4546497389801637,0.29156136967122953,0.10158901265064255,14.180464630401646,24.508823059784675,54.47776312295887,25.874754943599534,516.6882030516994
949,2,1,0.830048659454611,0.45095261906314194,0.2944741738517291,0.08764296654433082,13.381487254949253,23.527767590813376,29.704838334808613,25.6013911376284,484.84193014206033
950,3,0,0.8586507009587893,0.46053181395990245,0.2969017331617462,0.10766859448742945,10.793898466003569,18.871415946005435,36.19065564896132,25.451135690105176,384.55775907650013
951,2,1,0.8091932787890256,0.4065256974163985,0.22510936543349352,-0.09861370868491073,14.89983059847443,24.527495941789176,42.36246605865348,25.192135421958522,460.3593194427053
952,2,1,0.7674117709759614,0.38279087267061707,0.1822692187720655,-0.1851982549948271,14.109146899411252,23.47420479595558,29.213048019538434,25.047600296665404,436.8158945856794
953,1,1,0.8499398357170629,0.45915685579489846,0.29249863964161393,0.09618704929402486,14.26758507832746,23.579664590816137,40.42825522059546,25.995968104624627,475.66755779710513
954,1,1,0.841135712424918,0.4083352664840111,0.22465478743217293,-0.08788895753858231,13.079744345262544,24.590547205062464,59.69342281844222,26.06181619996381,490.57123497721807
955,1,0,0.8578898401067563,0.4573668354960727,0.29362979439583314,0.09650309540932984,13.96453248401477,20.13574958053608,63.97131038104783,25.385980484968318,499.1202437957837
956,1,1,0.86049266166635,0.458850174486442,0.29604941210590596,0.11348694433055116,14.455657126264919,24.491218909519127,54.478971527499816,25.734754571912475,495.1965158873283
957,1,0,0.7775658703367234,0.3364626862338598,0.07737061400392779,-0.4,12.153628115679656,17.415186237645248,28.688214655007034,27.15143798596592,323.38361548650334
958,2,1,0.8403971173688608,0.41033721266940787,0.22664259739339396,-0.11081635541239754,12.490515036350075,23.28311147387911,43.4911860693562,25.349738957932892,504.08051429973204
959,2,1,0.5438045866349471,0.2505163789942403,-0.06459751315307616,-0.4,11.631677243407514,21.834748688198125,38.82063226762681,28.35115155214033,280.50790595582924
960,1,1,0.8600161985256207,0.4149719524119105,0.23198410839840305,-0.09528298338471244,14.201368517299198,23.29878238434607,43.33197975929398,25.939632660532283,506.46447998989214
961,3,1,0.8368262009160219,0.4600632960081924,0.29037956948594695,0.0981248659761618,12.827614998809683,24.56077338877335,60.349943782668284,25.34754567932925,490.11781812733705
962,2,1,0.807183545450582,0.38488195009461607,0.1907100162650967,-0.1611918204787174,9.302133162720658,23.162029990223377,44.970538872185806,25.36745079263064,361.2910772725525
963,2,1,0.8240719368968557,0.4531879141368801,0.2893011983353013,0.10897806076790521,12.502107578793028,25.292622806511424,60.93992025212295,25.553959370439266,477.625918550558
964,1,1,0.8908631961358698,0.4655924328625737,0.2924107736365238,0.11022777086534163,11.487712085644452,23.50689924165869,34.87258522497178,25.09677295682087,510.182012676525
965,2,1,0.8378901233003743,0.4542772701852768,0.29166344596756033,0.10097599653320949,11.514997390814955,23.718313102005347,45.55695687275253,25.583725691391454,489.24239857606204
966,3,1,0.7502585885725598,0.3663568307847069,0.14212501076114417,-0.25589808472839337,15.705587262757074,23.48650592821215,32.881065449262984,25.445948171142955,549.1005584008421
967,2,1,0.7166566577138566,0.3530742299294575,0.1517458750190102,-0.22941233123975258,8.863279091878711,23.918623324053566,44.652017597057245,25.58827000970756,324.34774146557123
968,2,1,0.4990354725447915,0.240458200904394,-0.06491335496450322,-0.4,13.684343570797976,22.343573629921952,31.882872090469206,27.98536027530983,284.63908682219653
969,3,1,0.7522762589461534,0.36512263550119917,0.14312717152071314,-0.21333196490927087,14.906032790678761,23.314490303776623,51.57757152517055,25.044394861842758,437.04951179205466
970,2,0,0.7508590812931382,0.3797491461769444,0.17549948625986836,-0.1598523872569804,14.592313727146719,18.624102298191723,41.58213367278877,25.4865477847798,304.79724349818923
971,1,1,0.8571052526176234,0.4570373329635949,0.29672199553768686,0.08675944039680555,13.916513896714697,25.187211507757844,55.828744758136665,25.7738665467151,524.1647621422677
972,2,1,0.781621633294945,0.3934612945456166,0.19179408680197382,-0.17769022990843336,12.510120099230956,23.714498163010852,32.172150701102865,24.973681682338643,472.6516758557956
973,2,1,0.4956112427522984,0.2395164715400079,-0.06424095520940717,-0.4,12.070878809980469,22.88475192297939,35.66150272577196,28.16891949002623,253.86914877143178
974,2,1,0.8646520857241943,0.4567277610166437,0.28280095145298967,0.044160916362653735,11.948479092277246,25.946227908315382,82.27283425993235,25.814119114849877,534.4555494070958
975,2,1,0.8591495342275538,0.45888090351571503,0.28700007691240215,0.08613965773960072,13.365467014827981,24.9916315331892,60.28356198570905,25.447149089197744,511.5042903900144
976,2,0,0.8382141064296877,0.453965558161887,0.2886135382684127,0.11558388743025011,13.766922238332771,19.579240740562554,47.39862241916795,25.494200606425643,374.49475484396623
977,1,0,0.6302916489637478,0.2980728939732019,0.005379395453787211,-0.4,14.296522545772572,18.10167533770984,36.69070056265143,28.18138530927277,269.4358433254151
978,2,0,0.8405677829180563,0.4580073075933345,0.2885304380849003,0.0757159653828974,11.842811279646416,18.963815519784696,52.881804006600795,25.558590448706262,513.9066533436385
979,2,1,0.7185776536140062,0.3685633776491782,0.14792458711133968,-0.19297596249161525,14.62473911407825,25.331155990680458,58.84864012962832,25.781652630551385,398.4231202170092
980,1,1,0.7997087407101575,0.40198920463215027,0.2254296643264994,-0.10387057509431874,15.860648895821058,25.746284932256877,70.53802811174904,24.89898924565406,574.3250703438536
981,3,1,0.8358546651583759,0.4585033336846556,0.2900933959728234,0.09391403946180214,14.732667548856288,24.889210410647955,72.42946515214506,25.50691667413121,514.5294268656197
982,1,0,0.8707449361867161,0.464302856631534,0.29306818252852956,0.11448611871013259,15.133565815279187,21.56408879571117,85.30335615223707,25.461647608713996,648.1355335416807
983,2,0,0.827441025906328,0.40287547912145627,0.2223730386697615,-0.09811166968607635,13.302455013217974,18.233157567054825,33.83734919637429,25.403900788460923,396.4704450740047
984,3,0,0.8286355030336849,0.45200567518208495,0.2920352930662318,0.0766025615719789,16.396175985932842,19.000350091815967,20.741640543635242,25.162925897906902,460.8164082688464
985,2,0,0.7543308387489355,0.3691983095927859,0.1595695686495306,-0.2301438991053328,13.880672063063674,19.0159774130717,46.19142759136151,25.479454736255743,306.8596977598619
986,2,1,0.8141211824553155,0.3998283656924385,0.20140985817346185,-0.17681185479856587,13.791313001755642,24.508544126992103,63.01318948185412,25.501011660612264,465.1689620123266
987,3,0,0.7682095006617734,0.38131405281987796,0.17678609874460743,-0.18887421248529535,10.144221172972896,19.931544232150518,62.335047920187904,25.487716738340463,442.93275703697486
988,3,1,0.8698977327082175,0.45825791597074533,0.291337349387753,0.10541174850517385,13.664515283376488,23.573669445505097,35.95850008962171,25.609324327932587,536.2293016056966
989,1,1,0.8183414091233826,0.4066587230585282,0.21292961633190205,-0.1490010826912586,13.376134537492714,24.215398214972403,37.2787979239244,25.780292208581336,491.438297271998
990,2,1,0.8567902506393592,0.45610298904619995,0.2897498518285021,0.12037100682501499,11.949697373255583,23.471104823125337,34.60734920523336,25.19999828361066,514.2544232259285
991,1,0,0.8368410706984626,0.3620888165628404,0.11462887284341423,-0.4,12.003585650439403,18.69332043504209,57.41942279318012,27.39623330416157,490.07584054397745
992,2,1,0.7631431281343323,0.3447423628845641,0.08573602214717202,-0.4,11.910789068330974,25.101569395534124,82.21049408872139,27.396020370962862,432.8473499196269
993,2,0,0.8307544817978889,0.4068675442223652,0.21517241371890972,-0.12982875989507361,13.533731157507328,19.0084277433033,53.972911166614985,26.2752646626819,458.3593054728295
994,2,1,0.8576444576229475,0.4519176341148142,0.28752476886747697,0.0823576543131272,14.405987161711291,23.910563153042244,22.04499682315008,25.273555743108254,533.3343546491391
995,1,1,0.7838895549892537,0.34026377702930877,0.07504745859944995,-0.4,11.921091302496471,24.236738605849318,68.05798704436492,27.35095910092456,431.1208051959289
996,2,0,0.8511192112485318,0.4607012178981121,0.29167430096768554,0.10310231694952504,14.289784216820548,18.981131623819856,55.776456491596356,25.87804866175847,494.4125501333607
997,3,1,0.8514565794093609,0.4572075812521382,0.28962418861490635,0.10818323376124309,9.727769159720129,25.413073968699976,76.35888519519294,25.874850017799368,367.39430939561237
998,2,0,0.7818643663853029,0.3918382990564342,0.18323607147969018,-0.21555615241682807,13.0576533151712,18.41449232332515,28.507626062255145,25.014830582675803,318.69108109971467
999,2,0,0.7498537149803747,0.37078978170841814,0.15599021444043248,-0.21768402201014375,15.122840722128812,18.62143593510219,35.281902897190164,25.773864465107813,387.5548168525383
1000,3,0,0.8691524560545703,0.45757137145796867,0.29504413138359087,0.09202021647228344,13.283199468744034,19.396906368216854,48.94513223146649,25.50196611998486,400.5971641106093
1001,2,1,0.6380675154216693,0.2966729091414515,0.013533826077800104,-0.4,11.435353110566785,24.122811767284084,64.12075160042865,27.437940105918774,362.7108265083603
1002,3,0,0.8063431738500904,0.3857202509645659,0.19941149810288075,-0.1590917421453715,14.422190420215589,19.603679867904027,52.80029491974243,25.020558998121555,468.3853892413963
1003,1,1,0.8615904703570645,0.4676603531422979,0.28675930695143453,0.10125278099997116,13.89417447024737,25.36666362000713,70.69070813309311,24.442975285355768,510.0772234468699
1004,1,1,0.7637669454838751,0.3855041392773087,0.1799973748194828,-0.19565727148651313,13.130753882120706,24.100120064652952,32.454981739189414,25.411146711509463,449.50185889579154
1005,3,1,0.8687092356393796,0.45970793651143865,0.2812987942711803,0.08481135434595644,14.853897785653073,23.708593929215482,17.726037962556187,25.72204467831681,500.9397768468432
1006,2,0,0.7420947329261532,0.3600761601296584,0.14012880874069594,-0.22591602058567098,10.90249666443697,18.1622465953373,56.339884382315844,26.37288505619883,414.028666787609
1007,1,1,0.8563916862639286,0.4146908613326693,0.23102978223380308,-0.09010889648253054,14.382413928400648,24.88806596968416,64.13324668234044,26.200093066006037,519.7296361500879
1008,2,0,0.7302822490930109,0.36428813671654237,0.14888836323667018,-0.27170952454733516,11.759702592341776,18.172363111574104,40.861310207971655,25.36163612275066,298.2921111657321
1009,3,0,0.5243138712608644,0.24423525727545625,-0.06571524332968261,-0.4,12.034645717388434,17.978054588707003,61.978893714508445,27.63608185211777,286.89003976629783
1010,2,1,0.8465555359882402,0.41753132794531034,0.22494261551459846,-0.12400877782604566,14.384594429686771,24.65390919400143,58.73670423610232,25.62422626685402,495.02470492083387
1011,2,0,0.8509092361362651,0.46405292363961215,0.2931593158963594,0.11083362430854103,13.466058887165037,19.218302426122367,49.289393145550854,25.77466870521054,383.4322339618687
1012,1,1,0.8051494051101675,0.3870261367011051,0.17780812510735036,-0.18114634699246954,14.788252592518816,23.710063966810303,32.018078453148654,25.236534671813978,464.72533388115676
1013,1,0,0.8940047706716481,0.4578963751169648,0.29317439855984617,0.10340655473741074,12.762934945922275,18.100333217901785,30.046221907128633,25.342955244223496,394.32471880948833
1014,2,0,0.8293211896115872,0.35797147725635814,0.11364899102601425,-0.4,13.963762259087941,18.814056986876203,65.08047545031837,27.403165288180013,503.05691361137843
1015,3,0,0.8266830039971271,0.44784738625521897,0.29096338345030465,0.09651348163354745,14.582835650932557,18.080359401960997,4.1414881278846645,25.887586605443868,357.9826927610537
1016,2,0,0.8717602182686658,0.46074155415247675,0.28963899519636777,0.08288869378281756,11.365646687797593,19.028755996112636,37.894470877435936,25.402502689355213,385.2038236270609
1017,2,1,0.7924891247725285,0.4068050583069095,0.19297078011736385,-0.1459008070820172,14.507863657111086,24.409865617942106,35.29409698557343,25.607725139087666,453.376274019744
1018,1,1,0.646392610338383,0.29251817589526985,0.018469618786580766,-0.4,9.641360690062047,23.971050307026083,79.82153326729804,27.423239875713353,252.0818683470509
1019,2,1,0.5123898730396212,0.2356709215067188,-0.05782426913639864,-0.4,12.160672733912689,23.79080628408043,96.64825420540011,27.954760857560352,266.7458678132532
1020,2,1,0.7591929444542819,0.3759601753467427,0.1662894001454832,-0.2048143080887031,12.236873048725421,22.811664193729996,22.2839155684961,25.72837549862598,457.32176502248626
1021,1,1,0.8466918800964904,0.46358695825055196,0.291048574627666,0.08448567405305715,14.004942452075673,25.44187542116426,64.25793766574273,25.67874329329593,520.8387442141079
1022,2,0,0.8494252130908218,0.45574411090316425,0.29275590393982687,0.08433562599562197,12.138238853582635,17.077649470087984,6.8921744077607725,25.910153206057924,369.23235583448553
1023,2,1,0.8801330309589608,0.4613396603162602,0.2921110256361735,0.08170379450503046,12.937815102226653,25.03296849799494,34.49609176145601,25.48501149798471,525.273811531207
1024,2,1,0.8022991539353082,0.4063682931863216,0.2178036777996848,-0.10506189739370653,15.283428658555955,24.815219597402752,65.39531813878834,25.637516903290816,589.3700920954723
1025,2,1,0.7972424002421444,0.40183858391551963,0.22387282084999538,-0.14326162362238506,12.578371243119761,22.991067679690506,43.42731483363849,26.386895151563163,460.94352905678187
1026,3,0,0.8469535789099174,0.4130377800494475,0.226176846296157,-0.11492416403800865,14.646572668337704,21.22865860899977,83.77729369326546,26.104010302873387,497.5330477284851
1027,2,1,0.6338815424677173,0.2950404254436021,0.014093211737143053,-0.4,12.014169921418686,24.299331940297055,72.59434186822143,27.47398030743952,312.0068081428568
1028,3,0,0.8466752292850072,0.45561113519586866,0.2938984594584499,0.10055581701663682,13.601359314738193,19.356529033531466,61.17180450652775,25.134493542231013,494.6931510087062
1029,1,1,0.7560411462500062,0.37036541074674095,0.1698015605786279,-0.19707333323191004,11.917506468910089,22.64011844204897,28.712514260486753,25.561210484257877,424.99733911594166
1030,2,0,0.540090191115569,0.24219523989388309,-0.06432985823066395,-0.4,10.898629349891554,18.124577495971746,70.07748586092572,28.288603725589297,313.76068106122557
1031,3,1,0.5918446824080783,0.27344840150963085,-0.029602408570462126,-0.4,12.529396223472713,23.04489567226134,66.98672290182827,28.019825677683865,332.579353439853
1032,2,0,0.7513344880848145,0.3755239199627546,0.165945164192509,-0.172745909259732,13.808717130927944,18.062120995740294,32.596269124310886,25.422269684835804,324.5206388892797
1033,2,1,0.7883875179423477,0.4080540804860572,0.20877460695470518,-0.11948805482972624,12.511890440080318,23.039459646063783,44.04405970548263,25.744233125396693,440.4569968674415
1034,2,1,0.8563550901434376,0.4608943533864007,0.2870129710518747,0.08796249295858594,14.765860187329796,25.459271016046394,72.24676875306864,25.65073793284093,510.0866327254064
1035,2,1,0.8274965349929495,0.4486904588005588,0.29199836125815143,0.12150274815320604,11.567055097080901,23.56779200761304,27.233052377196888,26.00882774515167,524.3930623881429
1036,2,1,0.8098088503514729,0.35898525777818946,0.10830018022328289,-0.4,13.384051848248745,23.78871160611191,63.74964732496144,26.635233863975134,463.34690601747866
1037,1,0,0.8231791962192562,0.35625625898891444,0.10997833651879323,-0.4,13.00935532649721,18.107155810311443,26.898100801792463,26.271960540543553,355.1247614895294
1038,2,0,0.8543170538278602,0.4606785084186148,0.29464302067076864,0.09779317537085137,14.247903815820516,19.194044753705903,33.294447229358944,25.35034744350394,377.5494899505859
1039,2,1,0.8773198236206321,0.45394737643957095,0.29113966733994123,0.1174721264789264,14.120852130985853,24.283340232075886,45.77937214748166,25.756767122994923,546.7830019516131
1040,2,1,0.7532211269094697,0.3817058942395349,0.18688902773009264,-0.16377038328259624,13.908515742649957,24.80788017240881,98.75438491682,25.86287030050092,424.86115788107037
1041,2,1,0.7701424099377122,0.38702788276324374,0.19914469513586025,-0.16903610450629367,14.823450388114082,25.385860192091233,73.10402740772491,24.791405917446326,466.47872818640343
1042,1,1,0.8072519374219297,0.40641336408968753,0.22244789309516316,-0.12953619458991344,14.363027314592443,23.739581328927763,32.90277366141318,24.98520722060613,444.9162856139655
1043,3,0,0.7778761193908239,0.3889038730229139,0.1815831284671255,-0.17989099441618905,11.815947022355505,17.98068706755936,25.93333168162958,25.81502795519872,337.3149714499029
1044,3,1,0.8569793189189258,0.45935548730299286,0.28523056295973026,0.07829666464092366,13.886145020004172,23.53862439675933,36.433228773068436,25.2053634706871,503.24965637638957
1045,1,1,0.8676447574344712,0.4547764362416145,0.29838055682556686,0.12334455981991926,15.733750065764454,24.959891089829277,42.73308571694996,25.728613880090613,637.1141578042827
1046,3,0,0.5116019997359138,0.23874247421197553,-0.0638043242080881,-0.4,12.114989421402875,17.857432827161755,63.14481764049416,28.309627286538415,301.5867609426813
1047,2,0,0.8443034372472159,0.461582418337963,0.29339910818620507,0.08118713251245693,12.534927078459857,19.589381377076002,93.96651946893986,25.88494585884886,492.7997430393051
1048,2,1,0.6704719133857839,0.2980533696549323,0.009576617122069036,-0.4,14.754142780502644,23.05240668102175,29.494404909387058,27.64008388602383,363.18630543186487
1049,3,1,0.8878382207960059,0.451115875785728,0.29147444241098464,0.11364780302601435,15.473787806563776,25.005714196805332,37.75700757538666,25.491697134076368,631.3796342518501
1050,2,0,0.5914792904461406,0.2693211667861694,-0.02386166684053499,-0.4,11.33289208925723,19.1090753367475,58.30003453363411,27.737417010236072,327.7169861404804
1051,3,1,0.8318058549661937,0.4470696753307502,0.29411330002144603,0.09496269808521374,14.782488974653793,25.391862811288952,44.18972814347099,25.235813384477154,499.4559721635567
1052,1,1,0.8691814177216246,0.45771204888475736,0.2968917125851331,0.08375879774523749,13.549250095090041,24.373037239480073,39.846334549192754,25.68293056701031,513.6948617138269
1053,3,1,0.8425405687283288,0.4637215147438499,0.2888254189229079,0.08855768765033836,12.878872404907037,25.07516818339132,63.37295372679572,25.672862137995942,517.599285021188
1054,3,1,0.865308212630601,0.4504874966713768,0.29326444971755994,0.09571118552323879,13.379312127797391,24.49593953879066,55.77589441315521,24.93752718224532,503.9085642466493
1055,1,1,0.8336525135519299,0.4592360859396149,0.29798124955558924,0.1035327578800312,15.02989651805164,23.558521329915532,30.23839913094422,25.392313968561282,611.6542335422603
1056,3,1,0.737809829783502,0.36011717476635263,0.15618883807783224,-0.21728636344780894,15.636680626508468,24.494235152348285,44.427331848837305,25.961746725636168,518.776481330776
1057,1,1,0.8454385286211856,0.45899510033895385,0.2965555924206661,0.11625879083389044,13.090651017893048,23.514168487158344,25.571680881832936,25.278579270562155,511.2012977215292
1058,2,1,0.865109212800321,0.4601097040002234,0.288683385841817,0.10578879072629443,12.863852828812544,25.025153517498495,73.554651441108,25.62751719047385,520.0544150580099
1059,3,0,0.7304129362204514,0.35940884790802297,0.1439380501843795,-0.2267908121378027,11.778257994085319,18.522789934564784,39.36994994341343,25.901251166359696,292.7795399565691
1060,1,0,0.8607649446944788,0.45678391553267816,0.2863478971306661,0.090511161166174,14.239277337797157,18.823871784739485,33.63134843570007,26.19602870694459,382.3570155119516
1061,2,1,0.7462509306184401,0.38361223209201845,0.17822449687130287,-0.19415469934138824,12.152359274645006,24.437907483835822,68.06681507139997,25.37429022549781,471.1219080583538
1062,2,1,0.8621251758828653,0.36267339797004583,0.11358169294098608,-0.4,10.523450615496404,25.516787253392003,93.8932394084842,26.769827545702583,499.3702248794195
1063,2,0,0.8767444462452036,0.45811220260843843,0.2917302951185966,0.11094465697784758,13.945409363732878,18.744683941928695,26.43911279102464,25.43584416080828,378.6740896549723
1064,2,0,0.8426924185270729,0.45808187006367646,0.2989524414625058,0.09530281328107539,15.27269964543678,19.31344181591348,41.249885264109395,25.805454841027352,451.36576226792965
1065,2,1,0.740042791541223,0.35673050624727803,0.13609154947598734,-0.26861733303898827,15.003078303359015,23.358729732419185,24.344705123611757,25.668393314761857,518.6305766502924
1066,2,1,0.5286453556791187,0.24424123797697367,-0.06546776067153423,-0.4,10.985582561770054,22.992264295327665,43.48136675836407,28.020079888057364,277.8449554496705
1067,3,1,0.873942854760813,0.4576631326991733,0.2878523073151542,0.11044404766298954,10.788827171123653,24.52596992930217,59.40418604006189,26.217640611373902,526.7057793567558
1068,2,1,0.8405634459271472,0.45386953475272807,0.2886051776931145,0.10021723588506383,15.495775631245133,25.255259378728002,82.89410509921555,25.558595645086136,618.5848128024129
1069,3,1,0.8600994521323001,0.46288257968309476,0.28863066463809184,0.07802923043232318,15.033077496560535,25.091973122173858,55.3467175883241,25.772306537331282,636.8333316348716
1070,1,0,0.843713807933528,0.41338444799229784,0.2335988278016611,-0.10943782439820618,15.76499717967157,19.60327416500558,53.897834290601054,25.432423791895168,628.5461819951963
1071,3,0,0.7772873264578799,0.3405320047865747,0.08126884810336306,-0.4,12.053937461108543,17.267067647219474,27.966394168884193,27.67690836600334,308.4294190501697
1072,2,0,0.8639656054724433,0.4625100146229161,0.2962308006988399,0.1279679402262278,12.337943389903232,19.654768658571044,71.63848059775172,25.9970804075925,525.4448428097966
1073,2,1,0.7675567377967452,0.3427738570973281,0.09129337784835456,-0.4,16.36798426339113,24.586135484019238,64.46184226396251,27.48938054788752,543.5174800662196
1074,3,0,0.7666732090841174,0.37088677839743334,0.16867627751092046,-0.18006478323042788,14.106601697933987,20.28174816325313,76.95939885749196,25.570665054891663,445.7784519121866
1075,2,0,0.8715382378684196,0.4629674156634992,0.2911480941316731,0.08688848099143584,15.81937729543459,19.944141593607647,58.621616230184635,25.498176406716198,633.7160468991419
1076,1,1,0.8642476256582454,0.4090506593015843,0.22885030825392794,-0.1160558549467377,15.23068855875825,23.667337292325833,34.22765227189452,25.241499972212182,635.8682206656192
1077,2,0,0.8125644480557908,0.3915206073284659,0.19099767714963511,-0.16557028969542276,13.875799067925481,21.461425729414124,108.29594412411777,25.169656991709275,479.2764790941909
1078,1,0,0.7461782017652022,0.3803448720223383,0.16116183298207712,-0.2368228294371705,13.043308507858985,18.771207531008706,46.279235276557266,25.794582029185886,335.6221592021375
1079,2,0,0.6444651346413708,0.30073698344542354,0.010865144497191703,-0.4,12.738694844178017,17.280151527408602,30.62107799770341,27.812510787484577,270.88604350429057
1080,3,0,0.8488172233015818,0.45439398772539147,0.30048672019646194,0.1177303363864845,15.406410483178332,17.48350824810196,8.993343675048296,25.77720701195301,482.6337271844734
1081,3,1,0.6443382600475245,0.3012854355120492,0.012835356064330361,-0.4,12.337933567445127,22.63787692439234,41.61565109234672,27.99919055306861,372.78173299549684
1082,1,0,0.8635176197801703,0.4560608175857843,0.2869778342442073,0.06822472560982759,13.079140022158166,20.35355805555666,63.81891881058763,25.155201917346837,515.074740851235
1083,2,1,0.7178403494948513,0.35822489716274347,0.14583245482546692,-0.24504681853624316,15.112547326718975,25.713969224237808,64.01363304580485,25.2837143227908,509.6816186688301
1084,2,1,0.6390676572896503,0.2953299612494006,0.00842704673175541,-0.4,11.540461304748366,21.641126244607175,14.251301154077014,27.379203370024335,374.082174560873
1085,2,0,0.7649691725060176,0.3692887129816062,0.1444751836090014,-0.24922172870496712,13.661547485064773,18.666904177701433,32.53162955705466,25.39556344178151,321.17484846552725
1086,3,0,0.5841786948205386,0.269436274549819,-0.026279069809640454,-0.4,11.280127725364045,15.932734038731187,13.777619684119783,27.981511939087692,247.5537630783337
1087,1,1,0.8622692430862804,0.46194161908031645,0.2901504861147263,0.09891689379882344,12.231400337499952,25.182808666400163,61.27908966568712,25.970921106364777,513.5213295789247
1088,2,1,0.7754904105317768,0.3843712059050838,0.18378673178789068,-0.19239456136552066,13.33011999686528,25.12325627684832,86.22465105061251,25.30702763440992,460.78549834129154
1089,2,1,0.7890401523456474,0.3834527979977923,0.18805587237238236,-0.13126844013514388,13.58288288890499,22.769220789024573,34.50612587324459,26.29199106114562,442.48387571588273
1090,2,1,0.7754692320824377,0.39449389649425026,0.1966798368295218,-0.153471147892594,15.30166245539293,24.768024987743292,51.74715745123145,25.95619713450778,565.38628999222
1091,3,0,0.8634053483473777,0.45916047833117596,0.2886288813209512,0.09344524999491219,14.109117253105245,19.75429557323828,64.95578239391506,25.28714483431403,523.5639996970365
1092,1,1,0.8359369613363316,0.4569126920548066,0.2832690000263446,0.1101749725117326,14.107102594482978,24.181565171132572,42.576078134777674,25.170961770250283,485.90009171790484
1093,2,1,0.8585001222944164,0.41734844072612526,0.22350851572881747,-0.07405705973168805,15.168984449511859,23.147315449137913,25.549035593941205,26.271976207432186,620.9347654537922
1094,2,1,0.8490749562907418,0.455526972880046,0.29965012734252355,0.11795101874062074,13.765538817601435,24.54220748686054,62.17237719641768,25.479332953140073,506.0325108762577
1095,3,1,0.8426254149338394,0.4610361573769911,0.2855784769908838,0.09874731289791648,11.418084314853182,25.241034641249996,57.81557509486789,25.97816408003793,509.269075741685
1096,2,1,0.8357567578121358,0.4587631527842403,0.2903481891224631,0.09006495899775646,14.925935759977602,25.988378368239218,53.4643639296167,25.062859252646067,488.6718859796678
1097,1,1,0.8169085364779972,0.4003751040861685,0.21661949903807534,-0.08429430454170703,13.405175759453158,24.393042339578244,55.99682976744887,26.25999674848319,486.7031396640661
1098,1,1,0.810207120548395,0.35418530431530704,0.10910722772994139,-0.4,11.696980163226824,23.079336117934638,49.52264816626913,27.26411504569821,446.4003847957823
1099,1,0,0.7325147354729956,0.36673034771004975,0.14771501002175014,-0.24410898019151042,12.40433094775056,18.32211823946497,36.43511902387947,26.33199327333653,282.77317308342407
1100,3,0,0.8334408886949319,0.45131880979289074,0.2899218873218167,0.0852143176231866,13.03944555040361,18.89138292685789,44.62690324906969,25.266416264712294,385.1041353739899
1101,3,1,0.7785112120043097,0.40306075408441666,0.21350809535589899,-0.14208674720885245,12.03199285209649,24.173367087877118,32.03309021371004,25.093337850632683,462.77077379213944
1102,2,1,0.8140187862588342,0.39917678094380626,0.2028681697930243,-0.17002173257076908,13.42804624267394,24.08140592200001,22.452830662287056,25.50878637987359,481.8962812428388
1103,2,1,0.6982570209681948,0.3547827458956307,0.1439020561814231,-0.23396293335874233,12.628984398687049,22.879023473951456,37.484730739047315,25.717210278918316,400.1432301969576
1104,2,1,0.8492920461989198,0.45678040184581387,0.29038970611555054,0.110342334805929,13.785559527776517,23.447744716887602,33.13622921808192,25.892250957240133,514.0530046923675
1105,1,1,0.8719237609662487,0.4598351995760967,0.2900960044109896,0.10231207717645571,14.94193650793791,26.20028478121435,80.55400969430015,25.609679405086872,527.2524727454334
1106,1,0,0.625782465878197,0.28888032302245764,0.008785159510861368,-0.4,12.54862311632602,18.06259813005181,49.51070151205871,27.376963729757655,261.75191051405466
1107,3,0,0.789123939992038,0.34215821530252305,0.07683569867993753,-0.4,11.66883317709094,19.43534283169393,66.72198419615601,27.56094298241179,434.49258025392396
1108,3,1,0.7434442310177999,0.3729365801205472,0.1494012536740572,-0.23590944506500358,13.294566390228555,23.088266593275684,30.832272754050898,25.697782000249788,410.83243497581617
1109,2,1,0.8801719565922866,0.46208815480473475,0.28752279063800945,0.09096111834245137,14.758307352105074,24.846485981088243,38.58793509394801,25.567918260904765,528.4929017024338
1110,3,1,0.6227342829825042,0.3009537468553084,0.007486311421993147,-0.4,8.609077264749555,21.16794646955667,18.10857431761031,28.276545769130912,246.74651253968105
1111,2,0,0.8349381047129769,0.45030941031163507,0.2879738945139988,0.09120509256013071,11.770430011054664,17.94950405600805,25.293564866792394,25.544058210700193,386.2471991757052
1112,2,1,0.7641622230548275,0.3789799440731087,0.16528734086028488,-0.2089237212294877,11.432468590959102,24.35244295750411,76.71741488337088,25.941975955849944,440.2170223692685
1113,1,1,0.8258707134116149,0.40970773923492976,0.21238008788774382,-0.15621589002507102,12.969603019218383,23.66856998213755,34.08192401282792,25.689462797492144,463.0682385069807
1114,3,1,0.7042505533920963,0.3201006275477166,0.044746603335211715,-0.4,10.170602960603967,23.977521439765717,63.54244331426786,27.689264740023606,372.5942560306146
1115,3,1,0.7694973510902412,0.39121025811749055,0.18230691948794625,-0.18777458574031344,12.135838286731213,23.0764700101738,48.89582410459094,25.853835499245054,445.27901337404114
1116,2,1,0.8157763300350995,0.3967604636902238,0.20219144415869422,-0.14546124320882553,13.27739974416608,24.216853867546348,41.191008297989555,25.672325897943722,446.0831205291038
1117,2,0,0.8329965792449496,0.45038603384227177,0.2849662344943774,0.09941905086322377,14.07428656668432,20.52312533996814,76.30197962381538,25.60583597350809,502.0800776344436
1118,2,0,0.8486701269753779,0.46201122107039716,0.28949627517193377,0.11211244536027129,13.235102477730509,21.923366439731012,94.78820206476017,25.437647131219457,496.5638323938979
1119,2,0,0.8465088548232196,0.4615803406448964,0.28968106105982583,0.10229062384631439,14.85265071972681,19.341003857731632,48.48979914436985,25.50415506050982,372.76677689083016
1120,2,1,0.8449983130461591,0.466424862806575,0.29250042535843296,0.10451128316036204,12.685483560053827,24.110558557471034,42.24187537744821,25.686413891540735,516.0290337090053
1121,1,0,0.8512443350748792,0.4526318649455748,0.28828441398577925,0.09879559976517473,15.06634221510112,21.07197659064343,79.22831246365048,25.775390914886724,632.8040822292714
1122,3,1,0.8226797651660425,0.41071869346000345,0.22349267128387887,-0.12403925148526426,13.4819968759454,24.234468903739952,45.731311144078866,25.606580218977236,489.6081201581053
1123,2,1,0.8154603095337547,0.40371421451891376,0.21797489779831153,-0.15526493687503345,13.88334774036866,23.18820611740679,27.62279292627423,25.224233859505738,441.43033810537116
1124,3,1,0.7358887130738366,0.3644389959776988,0.13689332164495177,-0.2531316406534362,13.25577226721648,24.626513244317557,64.96640357247351,26.14973486256119,446.5193428645023
1125,2,1,0.7716307458136993,0.38576882452340316,0.1847075983782724,-0.20675594299434907,13.766478567046708,25.120568295288827,85.9887040914548,25.636145019325333,446.01684770771135
1126,2,0,0.7479618659574108,0.37575711930624073,0.16982869381149454,-0.2084371423780694,13.109649502776795,21.322145947630467,118.41254848396163,25.414508411224872,425.2551662642564
1127,2,1,0.7870389767789002,0.4153740121995836,0.22509824141368204,-0.10698864704295638,11.567610241424035,22.87488149987021,33.640101762592856,25.36324713189189,466.85579834246175
1128,2,0,0.8466622750093034,0.4592240946023346,0.2972272479422292,0.10938841087705474,11.524825839937426,18.823415854787946,36.31729996036758,25.10148847855051,387.22586685217414
1129,2,1,0.8594743584397622,0.4541894390406312,0.2887341210735443,0.08989236144977279,13.79066005272615,24.039083478835906,55.07782935295839,24.833831376816285,502.27579138850075
1130,3,0,0.8437900732947076,0.46053684291751995,0.2869638819215441,0.08152623730056754,11.575290120402643,19.449103534817194,53.675978211378315,25.79261289809828,478.0822506013378
1131,1,1,0.7622214171846446,0.37230334256197767,0.16435854939941613,-0.2297463677194031,13.695066714600989,22.95496667373196,45.956468989515464,25.62047102617671,448.32373583236335
1132,1,1,0.7652099041967707,0.38281552806247643,0.18092556586106326,-0.18447252779669748,14.637717782962119,23.31310999606272,38.24506448563921,25.560612795617452,442.30430492354054
1133,2,0,0.8469794712926934,0.45066018111861184,0.2936658271741185,0.09839952659554954,14.907503524184428,19.76497209577418,58.20046021810969,26.145081628852495,515.4007012079388
1134,2,0,0.8933249060246883,0.45927264903620085,0.29402775866338987,0.0955701987521344,15.498626962817658,19.38944461080187,50.34414383794276,26.116058697773042,662.0452675698162
1135,1,1,0.8626346628191784,0.46157982940691333,0.2999789292637179,0.125336503182471,14.569767053247404,27.036221739281622,95.1851576526593,25.70170250396516,496.8272188675617
1136,2,1,0.8696027301553626,0.4520691253864221,0.2989044854021311,0.11657010830526793,13.585360806450574,24.29992709856053,54.45694014629421,25.876688337830654,501.2194674929306
1137,2,1,0.8424500684270974,0.45493549647481785,0.2915188376713008,0.10914073680006157,11.941966104926593,23.9268344257435,33.21271461224504,25.58831761314691,512.128383117876
1138,2,1,0.7617086233494427,0.38477937971041754,0.18641606478215492,-0.18015517986368998,14.143595596767039,24.67103865249063,54.9062991845927,25.179278480153886,475.0692827050145
1139,1,0,0.8512498053131307,0.4187707520873751,0.22523053605285154,-0.08528509627710831,12.155465915018695,17.950763671384003,40.13195056511069,25.419464495753637,345.88609256546704
1140,2,0,0.759392273354716,0.3824702802371945,0.180009026418592,-0.174936981949307,15.022284900563552,21.012359824036494,84.91089317353193,25.172881630435263,525.9920881440285
1141,2,1,0.6820789652562762,0.3202354277460973,0.048226675817594385,-0.4,11.63898205652325,23.921073155584587,49.85559761649355,27.194535842246598,362.1442951086395
1142,2,1,0.8134110874214797,0.3923783582777685,0.20290764776890455,-0.1883548370385527,14.408434109471546,23.45202183540885,23.931488530868496,25.622330754273662,507.38705637725513
1143,3,1,0.8468275555384113,0.4534102196243618,0.29445776078946034,0.12050672984945082,14.967830110268409,23.99086726678132,31.5446117094576,25.442238245561988,459.48188861009544
1144,1,1,0.7802839423048135,0.3812842484132054,0.17975364024898038,-0.15175148663172913,13.20443121315469,24.76869379190587,63.88255192523284,26.3049818633656,440.5475547905251
1145,1,1,0.8456527077901371,0.45414662147700946,0.2867566734590714,0.09978922703559033,12.354185947722623,24.54410090737715,70.15291786457583,25.44481940912257,491.9194129666913
1146,1,1,0.8631241284664922,0.45415962583385927,0.2991000463265975,0.10880473722972625,13.320479476733519,23.786841512243754,33.71667273950001,25.77504414155883,536.7329935400048
1147,2,0,0.8522847228539635,0.46592473142051727,0.28409954737050314,0.10388505479103001,13.703007329185402,18.855567636308386,43.953515640271796,26.409573226688615,358.6857799657334
1148,1,0,0.9101543674150486,0.4552410433369037,0.2888649901498054,0.07139314896957166,13.804285097830839,20.194004010341203,61.55691557777711,25.842671431723385,543.9579231669715
1149,3,0,0.8789766939317992,0.4552596644021839,0.2823714399851313,0.08427865204237861,12.117632825583712,19.301482447767913,55.48082676998108,25.47476985659278,519.4503839386082
1150,2,1,0.7880730833640592,0.3458491022302693,0.08125556609286926,-0.4,15.092316998313171,22.691315168063237,29.76040330613283,27.32375237177053,530.9582030721587
1151,2,1,0.7981708051789665,0.4018750870025289,0.21281527385141188,-0.16925586621557862,15.543020784248728,23.53264221102403,35.168169183716174,25.34711944643675,588.7377030684406
1152,1,0,0.8473569259231594,0.3631067642431492,0.11655935140294196,-0.4,14.119835494003672,18.745466824868398,47.374179239998114,27.310856849132488,357.40874743283564
1153,3,1,0.8125292579236927,0.36583332342733516,0.10309205435705031,-0.4,14.438040413349494,23.1321936238,35.09375387820895,27.24657676047486,474.67890346134993
1154,3,1,0.8656474119283607,0.4650919962142465,0.28813334297299376,0.08280031432116454,15.835216630287793,24.774295911395235,60.31596045296398,25.65751297883461,636.7116442167268
1155,1,1,0.7977688694053554,0.3860067412072558,0.1805963092315054,-0.17922834580840052,14.619238380644841,24.18569092830565,47.811516361690266,25.974956297842077,437.1403229403203
1156,3,1,0.772688671898032,0.3762092134368179,0.16078263852925773,-0.20771492540551723,14.649623485826355,23.142761349950227,30.21792134945754,26.239044582316332,445.6078109068866
1157,2,1,0.865152042260556,0.45957943184052547,0.29241043245185455,0.10550546043047933,13.463186937458818,24.090517588808684,25.88146885274996,25.613537792234172,497.76903265174093
1158,1,1,0.8180666523317623,0.4013217207970007,0.21780846770048937,-0.1230708480462186,14.74385120669163,24.796610157563816,52.69163906980561,26.109775713445714,483.04904887037884
1159,1,0,0.858412788082263,0.4492296401000261,0.29347102834558636,0.0787618225263032,13.793492805210454,18.12690936658736,22.191094099563756,25.710230155239486,389.40393576935304
1160,2,0,0.8345148570272279,0.4541016662586488,0.29715415293700287,0.10914697997341724,13.97259418440808,19.839590598787026,59.61068647383114,25.954174395748556,486.89351648598546
1161,2,1,0.7259983801732464,0.3615018008676584,0.1482735659531122,-0.21379528857624833,15.756756751454075,24.800008234023935,71.28249351237194,25.57934340051405,516.8812453145973
1162,2,0,0.8731855594703686,0.45462178251978724,0.29544914121065724,0.09460816664113561,13.506026835846644,18.975202407454056,61.01315532411343,25.7936847758517,518.8829553743764
1163,3,0,0.830791508720836,0.4156930480300562,0.2325737622177583,-0.0982944375744216,12.34988654261324,19.932639387484226,63.159430712525015,25.861011441285854,497.17463288596474
1164,2,0,0.6387307993165476,0.29957710929380815,0.015895881246793718,-0.4,13.207357402009244,18.319701448571628,53.1127957953159,28.119723076828343,348.1173530562916
1165,2,1,0.8138967201492734,0.40291999190711836,0.21292147301199243,-0.11822431019542595,15.49491142866441,25.161143701120842,71.68507457930541,26.43864954728094,567.3072582910963
1166,2,0,0.8731900999101075,0.4632595282010642,0.28963828064358726,0.09988128960654641,15.268946509719537,19.09210106457592,38.04506979644864,24.960875324384133,496.31576717292256
1167,1,1,0.8566747006399102,0.4542924401478012,0.2904050175619763,0.09408358648453662,15.155829778611535,25.0273640721626,67.90721301550421,25.96119747168275,626.7792264404608
1168,3,1,0.824602884065046,0.4136989431669142,0.21060404127521992,-0.11259267057416375,13.510626321167472,23.34976779792492,34.307892391061806,25.651384819039997,491.49511947838073
1169,2,1,0.8663182842793786,0.4655883294459862,0.2878185570065488,0.10874713517214321,14.243808316203618,24.47636776036744,58.54326810471235,25.553769259940005,497.6933306766626
1170,2,1,0.8443388752942262,0.45709691740590425,0.2906748752768958,0.11247800755945905,12.90021200420558,24.321732984964413,44.866745486631956,25.80663554997846,481.9330227005651
1171,1,1,0.8399332435197756,0.4549324781161953,0.297722318812676,0.09702868850906811,12.986300010134515,23.265689076794427,40.862206848194866,25.71489229529998,492.6970030017653
1172,2,1,0.4986685811170265,0.2475711882682245,-0.0682653733994539,-0.4,9.25422076415289,22.09320313550812,27.059471699177198,28.17191612057466,188.05300219892194
1173,2,0,0.8835553557404291,0.45763169230718403,0.29395601775865143,0.06912992907771054,14.063007960811264,20.12628299282506,71.8655226089405,25.71757346762813,538.225731732777
1174,2,1,0.6524167282512534,0.2930208275049216,0.010457624768789808,-0.4,13.807480988979805,22.717347964581837,28.81707213660746,27.74631899050965,346.0901068583288
1175,1,0,0.7474123277024601,0.34356738538574316,0.07518988945332702,-0.4,11.663072826504573,17.801956145613453,38.25404968813013,26.959941568139953,327.9246188249171
1176,1,1,0.8689621679370915,0.45780396206613644,0.2891935218732472,0.09202755174383681,12.003693348656057,26.166821426999633,87.82588007252757,24.896168261752944,506.07930406039594
1177,3,0,0.8459636161240436,0.4532264746861581,0.2942340612103787,0.09238075739169259,13.216830003425796,18.180719014266977,30.18923240367464,25.105110741947904,371.7238391473736
1178,3,1,0.5968804007294328,0.2713364323759766,-0.0200564045661612,-0.4,13.625646310563575,22.53525771529026,40.586724192717526,28.042209726080046,336.20892788839046
1179,1,0,0.8542682760418498,0.46044426237640596,0.2937893413317544,0.11588863898258646,11.592218908239484,19.71752575663729,50.83393023175545,26.190132540828216,475.80029349934887
1180,2,0,0.8643195667682616,0.45991107449956814,0.29300158568842993,0.09179560462055569,14.4502572821505,19.933494483353126,68.79575996801475,25.80183633207195,532.6100848809328
1181,2,1,0.8173138894338718,0.40816515453459673,0.21201761044206272,-0.11814965598128585,12.105200429128644,26.111945622695174,87.00545719757523,25.764589704024047,483.20006915871573
1182,3,1,0.7668056382518007,0.3768846274176042,0.18390941449819978,-0.21297924413395086,13.413271035035804,25.227179548376856,61.83821131228973,25.26470722852416,427.17771448664047
1183,1,1,0.856413923431785,0.4589431804824611,0.2893972976011797,0.10430582008834494,16.752981040781535,25.66773641781676,68.30648226774947,25.6475493993486,641.9528864567175
1184,1,1,0.7915475394100444,0.34567393801655,0.08441893550081085,-0.4,13.039110307119778,24.937067510137418,101.40333878795809,27.67936110967947,481.95495295775976
1185,3,0,0.8774095964530542,0.46092303121352546,0.2885613402159327,0.08171807476753576,12.475728214770552,21.354389797935212,91.35840539540125,25.717725208621623,500.9148057107018
1186,2,1,0.7996780763906859,0.35676298301948456,0.11057472908900368,-0.4,13.4291289228125,23.454035879955352,62.48240311096125,27.72931276341397,443.3524841451699
1187,1,1,0.8764317966387498,0.41571261633850154,0.23047580228851147,-0.09292813448085527,16.938790330574534,24.66246519738879,57.168399745858835,25.992482495092002,629.7358478312234
1188,2,0,0.8258202242256389,0.4539862321913529,0.2902121725885651,0.06609965682902595,11.967613091502223,17.956883664016743,23.465603301692358,25.79386312625892,385.83325277669064
1189,3,1,0.8339568146053264,0.46259468339269916,0.30178596166733673,0.1134304915763245,14.28795626380122,24.419276608952252,40.14378764255171,25.420258780826604,508.4512869747244
1190,2,0,0.8134999650370253,0.4480338796802724,0.29225317177109683,0.10220353349412933,14.168142435094836,18.08307839192134,24.799667918539193,25.61914896789508,381.9918373435829
1191,2,1,0.8701885613598495,0.45949611301049637,0.2896464123043869,0.09819446001235518,15.402804141021676,26.714144124220194,91.69054819397331,25.678633197980012,650.0858299132873
1192,2,1,0.8781610255719512,0.45150252110925937,0.2933104070151573,0.10018033245887724,14.468375111309037,25.507556673005748,71.32191259484865,25.25626538152769,526.598924940994
1193,3,1,0.8708189678383241,0.453727018623922,0.2807245191267739,0.07223719843687426,16.06674837187874,25.782367955709027,73.83457073976457,25.698893212538245,634.0279912211759
1194,1,1,0.746849754446384,0.3585692803860286,0.13706867172131615,-0.24831668909106966,13.940248577519364,22.304916141578673,11.166548550633753,25.273290429923197,428.8297937264414
1195,2,0,0.7327084489106123,0.37184918566203595,0.16446474975663436,-0.17165633420569293,13.391036136547127,18.592542932815995,29.593462817310996,25.87175877847407,295.6986813089668
1196,1,1,0.8712215912898059,0.4508869005608263,0.29528268459625295,0.12119554451784854,11.623314304432196,24.146582985908772,37.75312562998525,24.844694870617605,514.7467966346293
1197,1,0,0.8781032547286749,0.45709608068708896,0.2889344793349475,0.07924527121418878,14.102717220912405,18.72385676565817,31.082776960984237,25.996425536184823,405.41648390224736
1198,2,1,0.8646616019628921,0.4531246718629675,0.2964529778638806,0.08915044075293566,14.747755115924456,25.238573947633846,59.32858162740693,25.37993379852832,499.8119495816406
1199,1,1,0.8042349159264047,0.3532765181389387,0.11419307804746996,-0.4,13.769078780817825,23.146434735756223,40.67930122285366,26.759977060619537,442.09222580708774
1200,3,0,0.8562520376569497,0.4586771720549875,0.2915813700728143,0.10833950374818493,13.573390563881908,20.02008302615796,65.3038265916618,25.264576977755617,483.6621076670583
